slot,sourceQuestionId,status,family,dependency,firstBatch,duplicateOf,question,correctAnswer,image,existingGameId
1.1,ffd0c95b28a89bd4faff45a8874c4fb3,not_selected,Другие дорожные ситуации,,False,,В каком случае водитель совершит вынужденную остановку?,Остановившись на проезжей части из-за технической неисправности транспортного средства,,
1.2,050bbd8d2ba901e0b895141adadf7a60,new_mechanic,Дорожные знаки,"Отдельная геометрия, параметры роли/ТС, несколько допустимых действий либо режим наблюдения; нужна проверка по исходной картинке",False,,Разрешен ли Вам поворот на дорогу с грунтовым покрытием?,Разрешен,eca08a0e2b5ffcd12bdd8ffee34afcc3,
1.3,7d6121c8ec64a113baa6047a457e9c10,new_mechanic,Дорожные знаки,"Отдельная геометрия, параметры роли/ТС, несколько допустимых действий либо режим наблюдения; нужна проверка по исходной картинке",False,,Можно ли Вам остановиться в указанном месте для посадки пассажира?,Можно,5fa33b65fe52f38ad87c4b5226c5d3ba,
1.4,d2e3295129c877898159a3c4e9050771,not_selected,Дорожные знаки,,False,,Какие из указанных знаков запрещают движение водителям мопедов?,Все,620fde366bcda9940db20a0019eeeeb4,
1.5,7c97d4c309cb475c0f1309aba4c40e71,small_extension,Разметка и организация полос,"Сцена по картинке; контроль допустимых направлений и траекторий, а не только конечного выезда",False,,"Вы намерены повернуть налево. Где следует остановиться, чтобы уступить дорогу легковому автомобилю?",Перед перекрестком у линии разметки,92730be6f1618ab24232b6c3092607b5,
1.6,627f7626e7460498d50c0570c86d82f4,small_extension,Светофоры и регулировщики,Сцена по картинке; нужное состояние/мигание светофора или поза регулировщика и разрешение начать движение,False,,Что означает мигание зелёного сигнала светофора?,"Разрешает движение и информирует о том, что вскоре будет включен запрещающий сигнал",,
1.7,ca976eeda460719cc594c0a40bb82616,new_mechanic,Сигналы водителей и аварийное обозначение,"Поворотники игрока, их время включения/выключения, жесты водителей либо установка аварийного знака",False,,Водитель обязан подавать сигналы световыми указателями поворота (рукой):,Во всех перечисленных случаях,,
1.8,14452bb58352a0cd0f19b3f3c48f2459,new_mechanic,"Манёвры, полосы и траектории","Отдельная геометрия, параметры роли/ТС, несколько допустимых действий либо режим наблюдения; нужна проверка по исходной картинке",False,,Как Вам следует поступить при повороте направо?,Возможны оба варианта действий,b61a6e1c048076e6b8ba01ef6e3ae2d1,
1.9,461cfbf602ac658c04d0db29322e9b2e,existing,"Манёвры, полосы и траектории","Сцена по картинке; контроль допустимых направлений и траекторий, а не только конечного выезда",False,,По какой траектории Вам разрешено выполнить разворот?,Только по А,0de3a44f154b8a1dc98c83ccb64a0c6c,ticket_1_9
1.10,13240b68ca2e4475deb368dc5781c48f,new_mechanic,Дорожные знаки,"Многополосная дорога, перестроения участников, ограничения по полосам и/или категории ТС",False,,С какой скоростью Вы можете продолжить движение вне населённого пункта по левой полосе на легковом автомобиле?,Не менее 50 км/ч и не более 90 км/ч,e25d143aa53eb44b06b020415b6bee54,
1.11,b66d8c08aba6ec232a4c6669efbbe61a,new_mechanic,"Обгон, опережение и встречный разъезд","Многополосная дорога, перестроения участников, ограничения по полосам и/или категории ТС",False,,Можно ли водителю легкового автомобиля выполнить опережение грузовых автомобилей вне населенного пункта по такой траектории?,Можно,573bb9e760618405e89c02b09f248404,
1.12,297e2e1b88020c6dc2849cd6b990d08a,new_mechanic,Остановка и стоянка,"Выбор и фиксация места остановки, расстояния до перехода/перекрёстка/остановки, положение автомобиля; иногда календарь или статус ТС",False,,В каком случае водителю разрешается поставить автомобиль на стоянку в указанном месте?,При соблюдении обоих перечисленных условий,544ea7fd090765e47fa3b71f060b5f22,
1.13,d0063ffc0bad8476f04187c35b74b917,existing,Перекрёстки и приоритет,,False,,При повороте направо Вы должны уступить дорогу:,Пешеходам и велосипедисту,3bca6590a23e621ade16916c7de64e44,ticket_1_13
1.14,09c728e5fcea9efdbd7c74d6f656b64d,existing,Перекрёстки и приоритет,,False,,Вы намерены проехать перекресток в прямом направлении. Кому Вы должны уступить дорогу?,Обоим трамваям,6a8f690af1b507fc0b56db742709f1e8,ticket_1_14
1.15,c64eefab25596af3056aa4b69e92516e,existing,Перекрёстки и приоритет,,False,,Кому Вы обязаны уступить дорогу при повороте налево?,Никому,dd7e958840da9ddd1c102a65d8d5c03f,ticket_1_15
1.16,764a2188d8c6e13d0b510eca4f241cbf,existing,"Дворы, жилые зоны и пешеходы",,False,,С какой максимальной скоростью можно продолжить движение за знаком?,20 км/ч,0211b865b53f26534158a13f8886262f,road_1_16
1.17,ededa6779bdb9da60ca372a5eacb5335,not_selected,Другие дорожные ситуации,,False,,Для перевозки людей на мотоцикле водитель должен иметь водительское удостоверение на право управления транспортными средствами:,Только категории «A» или подкатегории «A1» в течение 2 и более лет,,
1.18,33877cc9e22d663a0dbe6c210bbe2c14,not_selected,Другие дорожные ситуации,,False,,При какой неисправности разрешается эксплуатация транспортного средства?,Не работает стеклоподъемник,,
1.19,e9f447c2c017515177c3654a447cc12f,not_selected,Другие дорожные ситуации,,False,,"В случае, когда правые колёса автомобиля наезжают на неукреплённую влажную обочину, рекомендуется:","Не прибегая к торможению, плавно направить автомобиль на проезжую часть",,
1.20,2ca7a8b0ecb5bf4207bcf6e9d307d3c6,not_selected,Другие дорожные ситуации,,False,,Что понимается под временем реакции водителя?,Время с момента обнаружения водителем опасности до начала принятия мер по её избежанию,,
2.1,40edd1d720133385413d2302583b2eee,small_extension,Другие дорожные ситуации,"Сцена на существующих моделях; параметры знаков, участников, расстояний и проверка правила из билета",False,,Сколько полос для движения имеет данная дорога?,Четыре,1871b903ddd6b18d2bc45133234dd7fa,
2.2,eb1f842c85c2aa28e5702e4a48bdacdc,new_mechanic,Дорожные знаки,"Новая геометрия и область применения правила: мост, тоннель, уклон или ограниченный обзор",False,,Можно ли Вам въехать на мост первым?,Можно,f8b4d6d9f328835e3543d6ac0b5b992d,
2.3,6b5d41d3bbea12638755f6eb0534389d,new_mechanic,Дорожные знаки,"Отдельная геометрия, параметры роли/ТС, несколько допустимых действий либо режим наблюдения; нужна проверка по исходной картинке",False,,Разрешено ли Вам произвести остановку для посадки пассажира?,Разрешено,77fa304dc7de7bbe2eb0b0a0a1f5e0ed,
2.4,be0341c28e1e911b2f8c178842bf021e,small_extension,Дорожные знаки,"Сцена на существующих моделях; параметры знаков, участников, расстояний и проверка правила из билета",False,,Что запрещено в зоне действия этого знака?,Движение механических транспортных средств,0f751e9c5e75d0a7097691d052ed3a95,
2.5,c95be038a242297d5f3b5cede325b31e,new_mechanic,"Фары, освещение и видимость","Управление световыми приборами, различимость света и видимости в 3D, учёт ночи/тумана/ослепления",False,,"Разрешен ли Вам выезд на полосу с реверсивным движением, если реверсивный светофор выключен?",Запрещен,bbec994b533287b90e72eb935af6e333,
2.6,47fc6932668818a762e58903ef00bbf9,new_mechanic,Светофоры и регулировщики,"Отдельная геометрия, параметры роли/ТС, несколько допустимых действий либо режим наблюдения; нужна проверка по исходной картинке",False,,"Информационная световая секция в виде силуэта пешехода и стрелки с мигающим сигналом бело-лунного цвета, расположенная под светофором, информирует водителя о том, что:","На пешеходном переходе, в направлении которого он поворачивает, включен сигнал светофора, разрешающий движение пешеходам",d67f11a6e67191503276e8e32a58f4f4,
2.7,3293326b6507e3a5a7f55c56f210881a,new_mechanic,Сигналы водителей и аварийное обозначение,"Поворотники игрока, их время включения/выключения, жесты водителей либо установка аварийного знака",False,,"Поднятая вверх рука водителя легкового автомобиля является сигналом, информирующим Вас о его намерении:","Снизить скорость, чтобы остановиться и уступить дорогу мотоциклу",73c4c907dba18267314d10a8b09aea23,
2.8,01e543cf4b0d829df5645fc2c4562be7,new_mechanic,"Манёвры, полосы и траектории","Многополосная дорога, перестроения участников, ограничения по полосам и/или категории ТС",False,,"Двигаясь по левой полосе, водитель намерен перестроиться на правую. На каком из рисунков показана ситуация, в которой он обязан уступить дорогу?",На обоих,328947fa3921f7c37a9d825b2e8b030b,
2.9,42ef4bc4fc6eee75d4c886c69ae06262,small_extension,"Манёвры, полосы и траектории","Сцена по картинке; контроль допустимых направлений и траекторий, а не только конечного выезда",False,,Можно ли Вам выполнить разворот в этом месте?,Можно,693a2649d53e8a112f2358389b9b20f7,
2.10,b330884501a74aef474e057db02e47b4,new_mechanic,Разметка и организация полос,"Многополосная дорога, перестроения участников, ограничения по полосам и/или категории ТС",False,,"В каких случаях разрешается наезжать на прерывистые линии разметки, разделяющие проезжую часть на полосы движения?",Только при перестроении,,
2.11,e199aabae4eac33bc54a26df34fa47af,existing,"Обгон, опережение и встречный разъезд",,False,,Разрешено ли Вам обогнать мотоцикл?,Запрещено,ddd733bef00665b6608b3e08d9008821,road_2_11
2.12,ebf1250c0212d082b4d869d6347d47ba,new_mechanic,Остановка и стоянка,"Выбор и фиксация места остановки, расстояния до перехода/перекрёстка/остановки, положение автомобиля; иногда календарь или статус ТС",False,,Разрешается ли Вам остановиться в указанном месте?,"Разрешается, если автомобиль будет находиться не ближе 5 м от края пересекаемой проезжей части",a3c10883d8f389574cb255f4d33864b0,
2.13,a18d3dd1bdde77448b259039b3c9e140,existing,Перекрёстки и приоритет,,False,,Вы намерены повернуть налево. Кому Вы должны уступить дорогу?,Автобусу и пешеходам,d2f620a80735b4205843f9b3d26cecc6,ticket_2_13
2.14,b54b690a22b4660ee3c1203fb2faff2a,new_mechanic,Перекрёстки и приоритет,"Несколько допустимых маршрутов, ожидание внутри перекрёстка, смена сигнала либо режим наблюдения за другими участниками",False,,В каком случае Вы имеете преимущество?,В обоих перечисленных случаях,effa4b8d198a74e7eeb2460bffca22dc,
2.15,b3a079f4b929c0d74201d89e99593ebf,existing,Перекрёстки и приоритет,,False,,Обязан ли водитель мотоцикла уступить Вам дорогу?,Обязан,ac0d572e2be79ff28310b579eba034eb,ticket_2_15
2.16,01a21d5f1a47c109e98fc934bf93a32a,existing,Железнодорожные переезды,,False,,Разрешается ли водителю выполнить объезд грузового автомобиля?,Запрещается,07bad44c13de4e79e02eda779e92eab6,road_2_16
2.17,fec2dc86956829f8653501f307e00af4,new_mechanic,"Буксировка, груз и категория транспорта","Роль/параметры транспорта из вопроса, груз, сцепка и физика прицепа; проверка не по внешнему виду машины",False,,В каких из перечисленных случаев запрещена буксировка на гибкой сцепке?,Только в гололедицу,,
2.18,e3d42163c672c22b927c189679aa9da4,not_selected,Другие дорожные ситуации,,False,,"Запрещается эксплуатация мототранспортных средств (категории L), если остаточная глубина рисунка протектора шин (при отсутствии индикаторов износа) составляет не более:","0,8 мм",,
2.19,bf71aa93589aba17af3a541f758980b2,not_selected,Другие дорожные ситуации,,False,,Исключает ли антиблокировочная тормозная система возможность возникновения заноса или сноса при прохождении поворота?,Не исключает возможность возникновения сноса или заноса,,
2.20,4fa3069feac3c353e22fec8e5553957a,not_selected,Другие дорожные ситуации,,False,,В каких случаях следует начинать сердечно-легочную реанимацию пострадавшего?,"При отсутствии у пострадавшего сознания, дыхания и кровообращения",,
3.1,0dddc0be36a1ea143d6fffd862ac405f,not_selected,Другие дорожные ситуации,,False,,"Выезжая с грунтовой дороги на перекресток, Вы попадаете:",На главную дорогу,e72bbb0a6d603fa37ff31ffd3bd2d515,
3.2,f1c6fd3f16557349c986a37c59b0efa7,existing,Дорожные знаки,,True,,Где Вы должны остановиться?,Перед краем пересекаемой проезжей части (В),e5ea59fb8c5d8f172d32af5c36053913,ticket_3_2
3.3,11e978b3bbc0be7d8307723af627a99e,small_extension,Дорожные знаки,"Сцена на существующих моделях; параметры знаков, участников, расстояний и проверка правила из билета",False,,Вам необходимо двигаться со скоростью не более 40 км/ч:,"Во всех случаях, когда покрытие проезжей части влажное",881aacfa9f384179233cec04baf14420,
3.4,9c79e336dfa8a9473efe0f718afffbfe,not_selected,Дорожные знаки,,False,,Какой из указанных знаков устанавливается в начале дороги с односторонним движением?,Только Б,26c59aae3c71753e36f2a139e38da9c2,
3.5,43a06f0740a5b23bdc29c0b010158048,new_mechanic,Дорожные знаки,"Отдельная геометрия, параметры роли/ТС, несколько допустимых действий либо режим наблюдения; нужна проверка по исходной картинке",False,,Можно ли Вам остановиться в этом месте для посадки или высадки пассажиров?,"Можно, если при этом не будут созданы помехи движению маршрутных транспортных средств",2609dd0293a8f2c0fce44244a3c6b40a,
3.6,c201b4194e31379be85bd767a27d9259,existing,Спецтранспорт,,True,,При повороте направо Вы:,"Должны уступить дорогу автомобилю с включенными проблесковым маячком и специальным звуковым сигналом, а также пешеходам",0935c1587cf1ad38e08e888fceff382f,ticket_3_6
3.7,b5c1dff6251b9488e008ee276d49b97d,new_mechanic,Сигналы водителей и аварийное обозначение,"Поворотники игрока, их время включения/выключения, жесты водителей либо установка аварийного знака",False,,В каких случаях водитель не должен подавать сигнал указателями поворота?,Только если сигнал может ввести в заблуждение других участников движения,,
3.8,ee9dc482c054bd9c183464bac24b25a6,existing,"Манёвры, полосы и траектории","Сцена по картинке; контроль допустимых направлений и траекторий, а не только конечного выезда",False,,Вам разрешено выполнить поворот направо:,Только по траектории А,09a7e56d2c58551322f966dfa011da5f,ticket_3_8
3.9,5838425067692c393ec6f42cf4c8f410,existing,"Манёвры, полосы и траектории","Сцена по картинке; контроль допустимых направлений и траекторий, а не только конечного выезда",False,,Разрешается ли Вам выполнить разворот на перекрестке по указанной траектории?,Запрещается,0ed1092b9a399736ca37393c2963c296,ticket_3_9
3.10,6f19931bf52f941fee4d06909b83e68e,new_mechanic,Разметка и организация полос,"Многополосная дорога, перестроения участников, ограничения по полосам и/или категории ТС",False,,По какой полосе Вы имеете право двигаться с максимальной разрешенной скоростью вне населенного пункта?,Только по правой,5688949120d0f6dad41a3699c5d53d96,
3.11,eff2a352df08d22d6002edfd84764455,not_selected,"Обгон, опережение и встречный разъезд",,False,,"В каком случае водитель может начать обгон, если такой маневр на данном участке дороги не запрещен?","В случае, если выполнены оба условия",,
3.12,16190e96c166e8d2dbf1659709d87fb0,new_mechanic,Остановка и стоянка,"Выбор и фиксация места остановки, расстояния до перехода/перекрёстка/остановки, положение автомобиля; иногда календарь или статус ТС",False,,Кто из водителей нарушил правила стоянки?,Только водитель автомобиля,8fcf82e8373415484138ad71355732bb,
3.13,d8e06d3ffac8f8d2adc551fc90f047ec,existing,Перекрёстки и приоритет,,False,,При движении прямо Вы:,Можете продолжить движение через перекрёсток без остановки,715412530dd5d75884feb036874bd759,ticket_3_13
3.14,4d90ef76a000d062a331f81849de9e72,existing,Перекрёстки и приоритет,,False,,Вы намерены повернуть направо. Ваши действия?,Проедете перекрёсток первым,789a543e4b2c04f75abe487329d3fbda,ticket_3_14
3.15,ce32e1f30e2693ddb2c13418c65d3c94,existing,Перекрёстки и приоритет,,False,,Кому Вы обязаны уступить дорогу при повороте налево?,Только трамваю А,65f8dd2d800014138813ef003692857f,ticket_3_15
3.16,03018a402611d50309be83db59abc924,new_mechanic,Автомагистрали,"Отдельная геометрия, параметры роли/ТС, несколько допустимых действий либо режим наблюдения; нужна проверка по исходной картинке",False,,Кто из водителей нарушил правила остановки?,Оба,3e744df2b7bb6b14d21ff1ee56e9e3e5,
3.17,2d859def7cc746611ddb08fb16434c11,not_selected,Другие дорожные ситуации,,False,,"Какое оборудование должно иметь механическое транспортное средство, используемое для обучения вождению?",Все перечисленное оборудование,,
3.18,118a8c23e80ffdf5836b40e96126525e,not_selected,Другие дорожные ситуации,,False,,В каких случаях запрещается эксплуатация мотоцикла?,Имеется люфт в соединениях рамы мотоцикла с рамой бокового прицепа,,
3.19,7dfc1d82db1362b0f6fcb67c9c1caf55,not_selected,Другие дорожные ситуации,,False,,На повороте возник занос задней оси переднеприводного автомобиля. Ваши действия?,"Слегка увеличите подачу топлива, корректируя направление движения рулевым колесом",,
3.20,087d92d5f1f417c563be39f5fa84e9db,not_selected,Другие дорожные ситуации,,False,,Какие сведения необходимо сообщить диспетчеру для вызова «Скорой медицинской помощи» при ДТП?,"Указать место ДТП (назвать улицу, номер дома и общеизвестные ориентиры, ближайшие к месту ДТП). Сообщить: количество пострадавших, их пол, примерный возраст, наличие у них сознания, дыхания, кровообращения, а также сильного кровотечения, переломов и других травм. Дождаться сообщения диспетчера о том, что вызов принят.",,
4.1,cb78404dbbf54a130781398898d110d3,not_selected,Другие дорожные ситуации,,False,,Сколько полос для движения имеет проезжая часть данной дороги?,Две полосы,801f9dabfe5c450701f1b7cd604e2a6f,
4.2,0f172f2c9a5243acc91d3f22fad845ca,new_mechanic,Дорожные знаки,"Отдельная геометрия, параметры роли/ТС, несколько допустимых действий либо режим наблюдения; нужна проверка по исходной картинке",False,,Эти знаки предупреждают Вас:,"О том, что на расстоянии 150 - 300 м за дорожным знаком начнётся участок дороги протяженностью 500 м с опасными поворотами",ba16db3fa770eb19b3ca99219c2df2c7,
4.3,d5ab4a89d3dd4ae5a17c49b10fcccd22,not_selected,Дорожные знаки,,False,,"Какой из указанных знаков распространяет свое действие только на ту полосу, над которой он установлен?",Только А,e5f9205eb605705dadf6de4bb0632810,
4.4,b7ffa71c5a1ef03792b1461e851f626b,new_mechanic,"Буксировка, груз и категория транспорта","Роль/параметры транспорта из вопроса, груз, сцепка и физика прицепа; проверка не по внешнему виду машины",False,,Вы буксируете неисправный автомобиль. По какой полосе Вам можно продолжить движение в населенном пункте?,Только по правой,ed37c3a6463fee1744ef65f6a586f86b,
4.5,0436282e58243561c2f0ebb6c4b093c1,small_extension,Разметка и организация полос,"Сцена на существующих моделях; параметры знаков, участников, расстояний и проверка правила из билета",False,,Что означает разметка в виде надписи «СТОП» на проезжей части?,Предупреждает о приближении к стоп-линии и знаку «Движение без остановки запрещено»,,
4.6,0cc812096bd97923077666071b2b2f2a,new_mechanic,Светофоры и регулировщики,"Отдельная геометрия, параметры роли/ТС, несколько допустимых действий либо режим наблюдения; нужна проверка по исходной картинке",False,,Каким транспортным средствам разрешено движение прямо?,Только грузовому автомобилю,256b840e4be021b012af1a6ff470f707,
4.7,90d2364cae6370fdeb912e5fd283b3b3,new_mechanic,Сигналы водителей и аварийное обозначение,"Поворотники игрока, их время включения/выключения, жесты водителей либо установка аварийного знака",False,,Вы намерены продолжить движение по главной дороге. Обязаны ли Вы при этом включить указатели правого поворота?,Обязаны,865e627f03d58132c556e30b336e946a,
4.8,9e389e1c16e9167531c08bcf8422cd2c,new_mechanic,"Манёвры, полосы и траектории","Отдельная геометрия, параметры роли/ТС, несколько допустимых действий либо режим наблюдения; нужна проверка по исходной картинке",False,,Кто должен уступить дорогу?,Водитель легкового автомобиля,d834e58783acb06c2377bc9f25facc06,
4.9,5ccc967d70f19d41f276ce69b2ad1334,source_conflict,Дорожные знаки,"Изображение: 4.1.1 и разворот до/на перекрёстке. Пояснение: трамвайные пути, отсутствующие на рисунке. Не включать без проверки источника.",False,,Вам можно выполнить разворот:,Только по траектории Б,3967ea92f049121b27547528fd472093,
4.10,b03c3f13419646bac5d004b0c1cc184a,new_mechanic,Разметка и организация полос,"Многополосная дорога, перестроения участников, ограничения по полосам и/или категории ТС",False,,"По какой полосе проезжей части разрешено движение в населённом пункте, если по техническим причинам транспортное средство не может развивать скорость более 40 км/ч?",Только по крайней правой,,
4.11,fb63e3c75141dea70c95ec1adf96b16d,existing,"Обгон, опережение и встречный разъезд",,False,,Разрешено ли Вам обогнать мотоцикл?,Разрешено,a7e01ef08e47195501289152879b1782,road_4_11
4.12,2f14f286574ec9a4269c2103ebcb5158,new_mechanic,Остановка и стоянка,"Выбор и фиксация места остановки, расстояния до перехода/перекрёстка/остановки, положение автомобиля; иногда календарь или статус ТС",False,,Разрешается ли Вам остановка для посадки пассажира в этом месте?,"Разрешается, если при этом не будет создано помех для движения маршрутных транспортных средств",8e7ec83d1a6f0f1a62a329e29d981547,
4.13,6bfa8751fcae6a034406e9153f3cf9aa,existing,Перекрёстки и приоритет,,False,,Вы намерены проехать перекрёсток в прямом направлении. Ваши действия?,Уступите дорогу только автомобилю с включенными проблесковым маячком и специальным звуковым сигналом,8ffeae76681958aa7e73a4c1bbab6067,ticket_4_13
4.14,f06fda7f7c28b7dcc624f1ece5ec0ee6,new_mechanic,Перекрёстки и приоритет,"Несколько допустимых маршрутов, ожидание внутри перекрёстка, смена сигнала либо режим наблюдения за другими участниками",False,,Кому Вы должны уступить дорогу при повороте направо?,Всем пешеходам,2bbc5bf511daa8989cf1c4d383a24a48,
4.15,d1512a1262810283918e40cb3495b9ad,existing,Перекрёстки и приоритет,,False,,Как Вам следует поступить при выполнении разворота?,Уступить дорогу только легковому автомобилю,7c620bbef7fd6afdf4be4e06ec5ed059,ticket_4_15
4.16,034969eb4d30189aae60cf2c39cc3710,new_mechanic,"Дворы, жилые зоны и пешеходы","Отдельная геометрия, параметры роли/ТС, несколько допустимых действий либо режим наблюдения; нужна проверка по исходной картинке",False,,Какие из перечисленных действий запрещены водителям механических транспортных средств в жилой зоне?,Все перечисленные действия,,
4.17,41ed722ede089b4f6adb8732fd371ddc,new_mechanic,"Буксировка, груз и категория транспорта","Роль/параметры транспорта из вопроса, груз, сцепка и физика прицепа; проверка не по внешнему виду машины",False,,Какое расстояние должно быть обеспечено между буксирующим и буксируемым транспортными средствами при буксировке на жёсткой сцепке?,Не более 4 м,,
4.18,b937bf9edefcc698c66a443d557546d6,not_selected,Другие дорожные ситуации,,False,,В каком случае разрешается эксплуатация транспортного средства?,На транспортном средстве спереди установлены световые приборы с огнями оранжевого цвета,,
4.19,eccbae78adadb9a45e19292abefc501f,not_selected,Другие дорожные ситуации,,False,,Что следует предпринять водителю для предотвращения опасных последствий заноса автомобиля при резком повороте рулевого колеса на скользкой дороге?,"Быстро, но плавно повернуть рулевое колесо в сторону заноса, затем опережающим воздействием на рулевое колесо выровнять траекторию движения",,
4.20,f0ed079bbd78f52583e14b4735c346ce,not_selected,Сигналы водителей и аварийное обозначение,,False,,Как следует расположить руки на грудной клетке пострадавшего при проведении сердечно-легочной реанимации?,"Основание ладони одной руки накладывают на середину грудной клетки на два пальца выше мечевидного отростка, вторую руку накладывают сверху, пальцы рук берут в замок. Руки выпрямляются в локтевых суставах, большие пальцы рук указывают на подбородок и живот. Надавливания должны проводиться без резких движений.",,
5.1,949ad9d90453b3e0ae538134a76ec3b1,not_selected,Другие дорожные ситуации,,False,,Сколько проезжих частей имеет данная дорога?,Одну,ce8143ad50a020d95e71ef301c5b4db8,
5.2,e632f22e2729108273f99b70fbcb51a0,not_selected,Дорожные знаки,,False,,"При наличии какого знака водитель должен уступить дорогу, если встречный разъезд затруднен?",А и В,54a3b241d955aedbde9a46400f9265dd,
5.3,0409a86f19100ec27cfc4ebdf7c3e715,new_mechanic,Дорожные знаки,"Отдельная геометрия, параметры роли/ТС, несколько допустимых действий либо режим наблюдения; нужна проверка по исходной картинке",False,,Разрешена ли Вам стоянка в указанном месте?,Разрешена,3a5beeaca034a8b445f7031a56cb3fb2,
5.4,19e0c1237409e47951528ade0d1e2667,new_mechanic,Остановка и стоянка,"Выбор и фиксация места остановки, расстояния до перехода/перекрёстка/остановки, положение автомобиля; иногда календарь или статус ТС",False,,Нарушил ли водитель грузового автомобиля правила стоянки?,Нарушил,504b46e9c726ae266f448703767c59fd,
5.5,e5acbb3fe1e735ec7d5c4a1822a9786a,new_mechanic,Разметка и организация полос,"Отдельная геометрия, параметры роли/ТС, несколько допустимых действий либо режим наблюдения; нужна проверка по исходной картинке",False,,"О чем предупреждает Вас вертикальная разметка, нанесенная на ограждение дороги?",О движении по опасному участку дороги,6f817d0ef695944185768921913eb549,
5.6,73fcecf93aa3f28ee07ecc0cecc9c36a,new_mechanic,Светофоры и регулировщики,"Отдельная геометрия, параметры роли/ТС, несколько допустимых действий либо режим наблюдения; нужна проверка по исходной картинке",False,,"Разрешается ли водителю продолжить движение после переключения зеленого сигнала светофора на желтый, если возможно остановиться перед перекрестком, только применив экстренное торможение?",Разрешается,,
5.7,9fadeb78415386ced1c7988c64754fa4,new_mechanic,Сигналы водителей и аварийное обозначение,"Поворотники игрока, их время включения/выключения, жесты водителей либо установка аварийного знака",False,,"Поднятая вверх рука водителя мотоцикла является сигналом, информирующим Вас о его намерении:","Снизить скорость, чтобы остановиться и уступить дорогу легковому автомобилю",f5b851c076daed6a37e5d257a1a6ac40,
5.8,06a70d602087cfea97f58f5d3eebc8a2,new_mechanic,"Манёвры, полосы и траектории","Многополосная дорога, перестроения участников, ограничения по полосам и/или категории ТС",False,,"В каких направлениях Вам можно продолжить движение по левой полосе на грузовом автомобиле с разрешенной максимальной массой не более 3,5 т?","Прямо, налево и в обратном направлении",568531e4128e515b517fd19ea3d777e0,
5.9,8990770b5c14676a3c0265ef49ad17fc,new_mechanic,"Манёвры, полосы и траектории","Отдельная геометрия, параметры роли/ТС, несколько допустимых действий либо режим наблюдения; нужна проверка по исходной картинке",False,,Вам необходимо повернуть на примыкающую справа дорогу. Ваши действия?,"Не меняя скорости, перестроиться на полосу торможения, затем снизить скорость",09e32bf1387c6f8f4485d63390c6aa13,
5.10,bd5b66aaf952ac25586fcf5bcf0c0232,new_mechanic,"Буксировка, груз и категория транспорта","Роль/параметры транспорта из вопроса, груз, сцепка и физика прицепа; проверка не по внешнему виду машины",False,,С какой максимальной скоростью Вы имеете право продолжить движение на легковом автомобиле с прицепом вне населенного пункта?,70 км/ч,5fa0335dd123f090cef5df5d9c69ac34,
5.11,120e58fc8c6b182e4faf9d0cc2930645,existing,"Обгон, опережение и встречный разъезд",,False,,Разрешен ли Вам обгон?,Разрешен,5b0fd17cc1af4de1d099c6868930117d,road_5_11
5.12,592c5535461a8d7a15d496c3d5862a0e,new_mechanic,Остановка и стоянка,"Выбор и фиксация места остановки, расстояния до перехода/перекрёстка/остановки, положение автомобиля; иногда календарь или статус ТС",False,,Кто из водителей нарушил правила стоянки?,Только водитель автомобиля А,456767f8b2e0d39f83d8f9f1b2a378da,
5.13,c4547df34b93be087eee947c49c039de,existing,Перекрёстки и приоритет,,False,,Вы намерены развернуться. Ваши действия?,"Выполните разворот, уступив дорогу легковому автомобилю",80092d887fe7b764db1e0a7d64742489,ticket_5_13
5.14,eab47901eebad4a8a34538c55ddf4093,existing,Перекрёстки и приоритет,,False,,Кому Вы должны уступить дорогу при движении в прямом направлении?,Только трамваю,e320da78c9d6109eca702486f83cf428,ticket_5_14
5.15,19d2d8580ea765d6b86cfad8bf2df9a5,existing,Перекрёстки и приоритет,,False,,Как Вам следует поступить при повороте налево?,Проехать перекрёсток первым,7df7c50058db5aa70e39af72c22dd9ba,ticket_5_15
5.16,0e6a2b2619a50ecac179910231ee10af,small_extension,Железнодорожные переезды,"Сцена на существующих моделях; параметры знаков, участников, расстояний и проверка правила из билета",False,,Разрешено ли Вам проехать железнодорожный переезд?,Запрещено,6b8687a08d54c2061c2283d41aef4685,
5.17,fbe167844b4b14e76a09a785d6c4cedb,new_mechanic,"Фары, освещение и видимость","Управление световыми приборами, различимость света и видимости в 3D, учёт ночи/тумана/ослепления",False,,В каких случаях разрешено применять звуковые сигналы в населённых пунктах?,Только для предотвращения дорожно-транспортного происшествия,,
5.18,730e7875bc85b16fc38eb7ff933f621b,not_selected,Другие дорожные ситуации,,False,,При каком максимальном значении суммарного люфта в рулевом управлении допускается эксплуатация легкового автомобиля?,10 градусов,,
5.19,3363151e1f25d7698a72ee5ab190f1d8,not_selected,Другие дорожные ситуации,,False,,"Как следует поступить водителю при высадке из автомобиля, стоящего у тротуара или на обочине?",Обойти автомобиль сзади,,
5.20,b73628a49139f30754367dd503c9c6c5,not_selected,Другие дорожные ситуации,,False,,При движении в условиях тумана расстояние до предметов представляется:,"Большим, чем в действительности",d4a7cf1f7c02eb99ec3ecd045dffecd5,
6.1,fa54532665a63fbf58eaf24a4f44134d,not_selected,Другие дорожные ситуации,,False,,Что называется разрешённой максимальной массой транспортного средства?,"Масса снаряженного транспортного средства с грузом, водителем и пассажирами, установленная предприятием-изготовителем в качестве максимально допустимой",,
6.2,93b74e94b0f3ac89f63e159a464db6a9,new_mechanic,Дорожные знаки,"Отдельная геометрия, параметры роли/ТС, несколько допустимых действий либо режим наблюдения; нужна проверка по исходной картинке",False,,Вам разрешено продолжить движение?,Прямо или в обратном направлении,c41efe94d0ad813cd4fcd63cff2553a5,
6.3,6a4ad28934938be20ae26980b213ef0f,not_selected,Дорожные знаки,,False,,Какие из указанных знаков разрешают проезд на автомобиле к месту проживания или работы?,А и В,2d4752b12702549f18b106d303f9d550,
6.4,14bac0907c2773e8618b1772d131c6f3,not_selected,Дорожные знаки,,False,,Что обозначают эти дорожные знаки?,"Парковочное место, где возможна пересадка на маршрутное транспортное средство (автобус или троллейбус)",51c764b043333b277cef40fa8d1e62fa,
6.5,f59bd498a0f49cc72a7be720d35f1d86,existing,Разметка и организация полос,,True,,Разметка в виде треугольника на полосе движения:,"Предупреждает Вас о приближении к месту, где нужно уступить дорогу",8f56e3b61d4e053f2af24af9878a6f82,road_6_5
6.6,079a95a7d1cfd3cad0b2ea3507af96ec,new_mechanic,Светофоры и регулировщики,"Отдельная геометрия, параметры роли/ТС, несколько допустимых действий либо режим наблюдения; нужна проверка по исходной картинке",False,,"Разрешается ли продолжить движение, если регулировщик поднял руку вверх после того, как Вы въехали на перекрёсток?",Разрешается,,
6.7,cb57e6a2fa841818a28e7b2c49adc97b,new_mechanic,Сигналы водителей и аварийное обозначение,"Поворотники игрока, их время включения/выключения, жесты водителей либо установка аварийного знака",False,,Вы намерены продолжить движение по главной дороге. Обязаны ли Вы включить указатели левого поворота?,Обязаны,815b0c662f4110b4065f47e9f0d5b411,
6.8,17a1d1a9b907bab9cd4c3549e3b51fb3,new_mechanic,"Манёвры, полосы и траектории","Многополосная дорога, перестроения участников, ограничения по полосам и/или категории ТС",False,,Кто должен уступить дорогу при взаимном перестроении?,Водитель грузового автомобиля,a450a0e7eb0e4235fa9bec6c20dfa1ff,
6.9,65d9f6968baf5b7650a9dc870bbc0e6f,new_mechanic,"Манёвры, полосы и траектории","Отдельная геометрия, параметры роли/ТС, несколько допустимых действий либо режим наблюдения; нужна проверка по исходной картинке",False,,В каких направлениях Вам можно продолжить движение?,"Прямо, налево и в обратном направлении",9dd03825285f67f4f1fb4962d35c32e3,
6.10,98fb437543d9b1d123cf0cebeec7be6e,existing,Скорость движения,,False,,С какой максимальной скоростью Вы имеете право продолжить движение на легковом автомобиле?,110 км/ч,912c11e435dbe941191ac47cac98bb96,road_6_10
6.11,5add6690bf77353708c8168deb44df0e,new_mechanic,"Обгон, опережение и встречный разъезд","Отдельная геометрия, параметры роли/ТС, несколько допустимых действий либо режим наблюдения; нужна проверка по исходной картинке",False,,Как Вам следует поступить в данной ситуации?,Уступить дорогу встречному автомобилю,68cadb0bc1911d5e5dc75f3e2ce15694,
6.12,36e5aedad346ac99cf5c037f5452cb04,new_mechanic,Остановка и стоянка,"Выбор и фиксация места остановки, расстояния до перехода/перекрёстка/остановки, положение автомобиля; иногда календарь или статус ТС",False,,Разрешено ли Вам поставить автомобиль на стоянку в этом месте?,Запрещено,45a39cf318af16d3e7d4c3aba37e4323,
6.13,122a15b1675d4d194f6692702d285d63,new_mechanic,Перекрёстки и приоритет,"Несколько допустимых маршрутов, ожидание внутри перекрёстка, смена сигнала либо режим наблюдения за другими участниками",False,,Вы намерены повернуть налево. Ваши действия?,"Пропустите трамвай, перестроитесь на трамвайные пути попутного направления и выполните с них поворот",8eaffcf3aa668202d1a61db01ba76ce4,
6.14,c8d62f5f28653dbf66a1c44fa29197c0,existing,Перекрёстки и приоритет,,False,,Кому Вы обязаны уступить дорогу при повороте налево?,Пешеходам и велосипедисту,5b920a5d15ec9a4b3dbd200f36baee31,ticket_6_14
6.15,8c3616674b46014b2338c7c719b2bc8d,new_mechanic,Перекрёстки и приоритет,"Несколько допустимых маршрутов, ожидание внутри перекрёстка, смена сигнала либо режим наблюдения за другими участниками",False,,В каком случае Вы должны будете уступить дорогу автомобилю ДПС?,Если на автомобиле ДПС одновременно будут включены проблесковые маячки синего цвета и специальный звуковой сигнал,6d10de1adbad3dfa4e761a78b170d887,
6.16,22d811fa404442380a90d95236280d45,new_mechanic,"Дворы, жилые зоны и пешеходы","Отдельная геометрия, параметры роли/ТС, несколько допустимых действий либо режим наблюдения; нужна проверка по исходной картинке",False,,"При приближении к остановившемуся транспортному средству с включенной аварийной сигнализацией, которое имеет опознавательные знаки «Перевозка детей», водитель должен:",Осуществить все перечисленные действия,,
6.17,15cd2e2c2c063925b3a2eecb294fffae,new_mechanic,Другие дорожные ситуации,"Отдельная геометрия, параметры роли/ТС, несколько допустимых действий либо режим наблюдения; нужна проверка по исходной картинке",False,,В каких случаях водители мопедов нарушают Правила?,В обоих перечисленных случаях,,
6.18,785d6f96d0aeb6a15f313d76eb7f38f8,not_selected,Другие дорожные ситуации,,False,,"Эксплуатация автомобиля запрещается, если в верхней части ветрового стекла имеется прозрачная цветная плёнка шириной более:",140 миллиметров,,
6.19,3c0e879b932d3546d1616091fd318aee,new_mechanic,Другие дорожные ситуации,"Новая геометрия и область применения правила: мост, тоннель, уклон или ограниченный обзор",False,,"В случае остановки на подъеме(спуске) при наличии обочины можно предотвратить самопроизвольное скатывание автомобиля на проезжую часть, повернув его передние колеса в положение:",А и Г,c2975107ea070a3ffd8713df2de2354f,
6.20,407171edecdd5b80a5a9f9beb0c9470a,not_selected,Другие дорожные ситуации,,False,,"Установленный факт употребления водителем вызывающих алкогольное опьянение веществ определяется наличием в его организме абсолютного этилового спирта в концентрации, превышающей:","0,16 миллиграмма на один литр выдыхаемого воздуха",,
7.1,cf9282089e90f0cf7df65885c2596aee,not_selected,Другие дорожные ситуации,,False,,"Может ли владелец мотоцикла с рабочим объемом двигателя внутреннего сгорания, не превышающим 125 см3, и максимальной мощностью, не превышающей 11 квт, передавать управление этим транспортным средством в своем присутствии другому лицу, имея страховой полис обязательного страхования гражданской ответственности на бумажном носителе или в виде электронного документа либо его копии на бумажном носителе?",Может при наличии у этого лица водительского удостоверения на право управления транспортным средством категории «A» или подкатегории «А1»,,
7.2,c5619310610a938fa9c75960a1fdf00d,existing,Дорожные знаки,,True,,О чем информируют Вас эти дорожные знаки?,"О приближении к перекрёстку, где установлен знак «Движение без остановки запрещено»",543a9016557f8996cba404455671af3f,road_7_2
7.3,bf06bbf89a29a444bbc395a8adafde98,new_mechanic,Дорожные знаки,"Отдельная геометрия, параметры роли/ТС, несколько допустимых действий либо режим наблюдения; нужна проверка по исходной картинке",False,,Разрешено ли Вам остановиться в указанном месте?,Запрещено,505bf5de2658d2b9a8e5bb4b5fa345e0,
7.4,d3349eaf023aa109dc8749ebc312e709,not_selected,Дорожные знаки,,False,,Действие каких знаков из указанных распространяется только до ближайшего по ходу движения перекрёстка?,Б и Г,8005827da4440d40f81e05929e379f9d,
7.5,1ea113763fed8b87fa881c794a3a0ff7,existing,Разметка и организация полос,"Сцена на существующих моделях; параметры знаков, участников, расстояний и проверка правила из билета",False,,Что обозначают прерывистые линии разметки на перекрёстке?,Полосы движения в пределах перекрёстка,96985d06270c2d22da6a6328e923407c,ticket_7_5
7.6,979035bd365231e3d3f4df1781ff64a9,new_mechanic,Светофоры и регулировщики,"Отдельная геометрия, параметры роли/ТС, несколько допустимых действий либо режим наблюдения; нужна проверка по исходной картинке",False,,Вам разрешается движение:,Прямо и направо,dba2285ba0161a6db7f9541df67f15af,
7.7,648589c1c04f3016a0a9db9432086dd8,new_mechanic,Сигналы водителей и аварийное обозначение,"Поворотники игрока, их время включения/выключения, жесты водителей либо установка аварийного знака",False,,"Когда следует выключить указатели левого поворота, выполняя обгон?","Сразу же после перестроения на полосу, предназначенную для встречного движения",,
7.8,744b56480eff4d06f68d4d9a77e5c658,new_mechanic,"Манёвры, полосы и траектории","Отдельная геометрия, параметры роли/ТС, несколько допустимых действий либо режим наблюдения; нужна проверка по исходной картинке",False,,Обязан ли водитель легкового автомобиля уступить дорогу водителю грузового автомобиля?,Не обязан,ac77f80c11456ca7928c6c4277516cac,
7.9,e79644cf9bb01181aef22d4ea7bdc7f6,new_mechanic,"Манёвры, полосы и траектории","Отдельная геометрия, параметры роли/ТС, несколько допустимых действий либо режим наблюдения; нужна проверка по исходной картинке",False,,Разрешен ли Вам разворот на этом участке дороги?,Разрешен только при видимости дороги не менее 100 м,520cdde8ace0f46b8eee90f7604cb596,
7.10,7c8e23258835ca5d1fa92749145c3e80,new_mechanic,Скорость движения,"Отдельная геометрия, параметры роли/ТС, несколько допустимых действий либо режим наблюдения; нужна проверка по исходной картинке",False,,С какой скоростью мотоциклам разрешается движение вне населенных пунктов на автомагистралях?,Не более 110 км/час,,
7.11,0b37dc470da0a9fd933b9f378e4c1398,new_mechanic,"Обгон, опережение и встречный разъезд","Новая геометрия и область применения правила: мост, тоннель, уклон или ограниченный обзор",False,,Разрешается ли Вам в конце подъёма перестроиться на среднюю полосу для опережения грузового автомобиля?,Разрешается,c152907d869a2d0d7fd74ae41e6e693d,
7.12,1ab15bf82bbc2702abb009e21ac27be3,new_mechanic,Остановка и стоянка,"Выбор и фиксация места остановки, расстояния до перехода/перекрёстка/остановки, положение автомобиля; иногда календарь или статус ТС",False,,В каком из указанных мест Вам можно поставить на стоянку легковой автомобиль?,А или В,be2c5fa721a2a4283b9f9fbe4f6471eb,
7.13,3b4b6092cf50c0e628ce0f2559df3f90,existing,Перекрёстки и приоритет,,False,,Как Вам следует поступить при повороте налево?,"Выехать за стоп-линию и остановиться на перекрестке, чтобы уступить дорогу встречному автомобилю",cf624ed2daa0947f0708e4c4b3dc7fc8,ticket_7_13
7.14,059bf18cc5917313c7c2e73e20d41726,new_mechanic,Перекрёстки и приоритет,"Несколько допустимых маршрутов, ожидание внутри перекрёстка, смена сигнала либо режим наблюдения за другими участниками",False,,"Разрешено ли Вам выехать на перекресток, за которым образовался затор?","Разрешено, если Вы намерены выполнить поворот",c149e9f2ca6afaf456691db1d9126d64,
7.15,d30d4ea921f8cf6d97e3e484725cd7f6,existing,Перекрёстки и приоритет,,False,,Вы намерены продолжить движение прямо. Кому Вы обязаны уступить дорогу?,Никому,1f52b5842f4d43019a8c6aaa844432cd,ticket_7_15
7.16,236c2dca0e1e9849b53b70475d1fd264,new_mechanic,"Дворы, жилые зоны и пешеходы","Отдельная геометрия, параметры роли/ТС, несколько допустимых действий либо режим наблюдения; нужна проверка по исходной картинке",False,,Где могут двигаться пешеходы в жилой зоне?,По тротуарам и по всей ширине проезжей части,,
7.17,88ecd2a51c1b00b1c7cbc1b69ea51242,new_mechanic,Другие дорожные ситуации,"Отдельная геометрия, параметры роли/ТС, несколько допустимых действий либо режим наблюдения; нужна проверка по исходной картинке",False,,"На каком рисунке изображён автомобиль, водитель которого не нарушает правил перевозки грузов?",На обоих,9ce7f3f4ad95438308d54aa1ea1e761f,
7.18,7411ed17fa3e4f859c6ffefd8db0b2a0,not_selected,Другие дорожные ситуации,,False,,В каких случаях разрешается эксплуатация транспортного средства?,Не работает указатель температуры охлаждающей жидкости,,
7.19,816f15bad5e7b34d3af386e568b88ebb,not_selected,Другие дорожные ситуации,,False,,Двигаться по глубокому снегу на грунтовой дороге следует:,"На заранее выбранной пониженной передаче, без резких поворотов и остановок",,
7.20,04c71d317aa0ca0d11cc326eae2151ab,not_selected,Другие дорожные ситуации,,False,,"Какую оптимальную позу следует придать пострадавшему, находящемуся в сознании, при подозрении на травму позвоночника?","Уложить пострадавшего на спину на твердой ровной поверхности, без необходимости его не перемещать, позу не менять",,
8.1,523527fcaac8bdc85070eb7aeb6ee181,not_selected,Другие дорожные ситуации,,False,,"Какие действия при дорожно-транспортном происшествии должны немедленно осуществить водители, причастные к нему","Остановить (не трогать с места) транспортное средство, включить аварийную сигнализацию и выставить знак аварийной остановки",,
8.2,df85bfa11498b2d45823faeb4a7504ab,new_mechanic,Дорожные знаки,"Отдельная геометрия, параметры роли/ТС, несколько допустимых действий либо режим наблюдения; нужна проверка по исходной картинке",False,,В чем особенность скоростного режима на этом участке дороги?,Минимальная допустимая скорость движения по левой полосе – 40 км/ч,23aec8182761364dca90c69366d65f96,
8.3,b2726740fe1ffab410a9029848bb127d,not_selected,Дорожные знаки,,False,,Какие из указанных знаков запрещают поворот налево?,А и В,4139cea6fe6bbabf1df8ece77ba95495,
8.4,0c98f0d36e471489ed1f1fe21aea256e,existing,Дорожные знаки,"Сцена по картинке; контроль допустимых направлений и траекторий, а не только конечного выезда",False,,Можно ли Вам повернуть направо на этом перекрёстке?,Можно,9f0d677ca3cf88f64be46539e1d28133,ticket_8_4
8.5,ac2827faa9de5a0eefb589d08658dad8,new_mechanic,Светофоры и регулировщики,"Многополосная дорога, перестроения участников, ограничения по полосам и/или категории ТС",False,,Разрешается ли Вам перестроиться?,Разрешается только на соседнюю полосу,b86019ddbb5a253360abb423a619d120,
8.6,07810bbc071186130af85180a5e39877,small_extension,Светофоры и регулировщики,Сцена по картинке; нужное состояние/мигание светофора или поза регулировщика и разрешение начать движение,False,,Разрешено ли Вам движение?,Запрещено,642c5103f3dd55db6252e5d1f44520d0,
8.7,ddba5acfc28e009636cce621e0b785e4,new_mechanic,Сигналы водителей и аварийное обозначение,"Поворотники игрока, их время включения/выключения, жесты водителей либо установка аварийного знака",False,,Водитель легкового автомобиля должен выключить указатели левого поворота:,После перестроения на левую полосу,701cfc285d4031d48072f8b0a1b9de52,
8.8,76c1351bb5fb6e68489cabe11aa628ec,existing,"Манёвры, полосы и траектории","Сцена по картинке; контроль допустимых направлений и траекторий, а не только конечного выезда",False,,По какой траектории Вам разрешается выполнить поворот налево?,Только по Б,e5c4d4989ef9427567d3944a43de239c,ticket_8_8
8.9,2f6ba58bcd4597e7b6133c9dbb2cb5c6,new_mechanic,"Манёвры, полосы и траектории","Отдельная геометрия, параметры роли/ТС, несколько допустимых действий либо режим наблюдения; нужна проверка по исходной картинке",False,,Вы имеете право выполнить разворот:,По любой траектории из указанных,b400f5195566bf810b9cb1c36ee9ecd5,
8.10,58d1089d855a67f2148bbc6fe1a39647,new_mechanic,Разметка и организация полос,"Отдельная геометрия, параметры роли/ТС, несколько допустимых действий либо режим наблюдения; нужна проверка по исходной картинке",False,,Вне населенных пунктов вам можно продолжить движение:,Только по правой полосе,0283f188f3eefa7aecda7f3ac5454140,
8.11,d81b730e232ceee0cde358cc15fc3b72,new_mechanic,Разметка и организация полос,"Многополосная дорога, перестроения участников, ограничения по полосам и/или категории ТС",False,,Разрешено ли Вам после опережения первого автомобиля продолжить движение по левой полосе вне населенных пунктов?,"Разрешено, если Вы намерены опередить второй автомобиль",8c603ea35edc08128ebdf41cec0da360,
8.12,6b52488e69c53f56b2e8e06283c470a2,new_mechanic,Остановка и стоянка,"Выбор и фиксация места остановки, расстояния до перехода/перекрёстка/остановки, положение автомобиля; иногда календарь или статус ТС",False,,Нарушил ли водитель грузового автомобиля правила стоянки?,Нарушил,4bfb3a80e06d09db2710d0fb03606cd7,
8.13,0da9f27691b4a0af365aa244ec7151f6,new_mechanic,Перекрёстки и приоритет,"Несколько допустимых маршрутов, ожидание внутри перекрёстка, смена сигнала либо режим наблюдения за другими участниками",False,,"Кто из водителей, выполняющих поворот, нарушит Правила?",Оба,f101401b00f168cef0e8dd6b928d3976,
8.14,bcb9d002132e2fdf0b6bce53a4ce930a,existing,Перекрёстки и приоритет,,False,,Вы намерены продолжить движение в прямом направлении. Ваши действия?,Уступите дорогу легковому автомобилю,30b317263f24b3d5d9c09f66bb1c0be1,ticket_8_14
8.15,5bc912be09a0a696eb5c958b22569472,existing,Перекрёстки и приоритет,,False,,Кому Вы должны уступить дорогу при повороте налево?,Трамваю Б и легковому автомобилю,48062235ba530b29f020a2d7032a5bd8,ticket_8_15
8.16,23c1513fa0166034bce50ea125a8048d,new_mechanic,Автомагистрали,"Отдельная геометрия, параметры роли/ТС, несколько допустимых действий либо режим наблюдения; нужна проверка по исходной картинке",False,,Остановка на автомагистрали разрешена:,"Только на специальных площадках для стоянки, обозначенных соответствующими знаками",,
8.17,a5d23d1a2d5bd0cd3ce61243714a095a,new_mechanic,"Фары, освещение и видимость","Управление световыми приборами, различимость света и видимости в 3D, учёт ночи/тумана/ослепления",False,,Какие внешние световые приборы должны использоваться при движении в тёмное время суток на освещённых участках дорог населённого пункта?,Фары ближнего света,,
8.18,64f39afb289608083969cd77de495308,not_selected,Другие дорожные ситуации,,False,,При возникновении какой неисправности запрещается дальнейшее движение транспортного средства даже до места ремонта или стоянки?,Неисправна рабочая тормозная система,,
8.19,974b4b2de934d3dd899bf3a765fd2071,not_selected,Другие дорожные ситуации,,False,,Более устойчив против опрокидывания на повороте легковой автомобиль:,Без пассажиров и груза,,
8.20,9b8ffa9ce19ff5363b7524af26206c38,not_selected,Другие дорожные ситуации,,False,,Как оказать первую помощь при отморожении и переохлаждении?,"Утеплить пораженные участки тела и обездвижить их, укутать пострадавшего теплой одеждой или пледом, дать теплое питье, переместить в теплое помещение",,
9.1,fe692af7fa251b13af33cf26b9e87f68,not_selected,"Буксировка, груз и категория транспорта",,False,,"Какое удостоверение достаточно иметь водителю, управляющему легковым автомобилем с прицепом, разрешенная максимальная масса которого не превышает 750 кг?",На право управления транспортным средством категории «В»,,
9.2,b19ba2cc652a455dca7a9a44381932be,small_extension,Дорожные знаки,"Сцена на существующих моделях; параметры знаков, участников, расстояний и проверка правила из билета",False,,"Знаки предупреждают Вас о том, что:",Через 150 м находится пешеходный переход,ccfaa71247b7717e204220f439c65a8a,
9.3,587ff6941ff33a7f8d5b820d658e428a,small_extension,Дорожные знаки,"Сцена на существующих моделях; параметры знаков, участников, расстояний и проверка правила из билета",False,,Вам разрешено продолжить движение:,Только в направлении Б,7aba71e4395c08dd71f87c07c8ccbab8,
9.4,e6561b04935c4642a88ee86863e4d806,not_selected,Дорожные знаки,,False,,"Какие из указанных знаков запрещают движение транспортных средств, скорость которых по технической характеристике или их состоянию менее 40 км/ч?",А и Б,e9b4e95f92501f7d107c68414e14aa45,
9.5,56715ea708c2149c01bf1bfdd7e0bba3,existing,Разметка и организация полос,,False,,Можно ли Вам выполнить обгон при наличии данной разметки?,Можно,b92f719620474b0223d71c7a3f036346,road_9_5
9.6,f9a41ca2cfe9b54baee37fad728bea33,new_mechanic,Светофоры и регулировщики,"Отдельная геометрия, параметры роли/ТС, несколько допустимых действий либо режим наблюдения; нужна проверка по исходной картинке",False,,В каких направлениях регулировщик разрешает Вам движение?,Прямо и направо,1416a3e01503045460c35a1b174b65e9,
9.7,4902ccf8d10a66f0cdbc5c01b20ce02d,new_mechanic,Сигналы водителей и аварийное обозначение,"Поворотники игрока, их время включения/выключения, жесты водителей либо установка аварийного знака",False,,Когда следует включать указатели поворота?,Заблаговременно до начала выполнения маневра,,
9.8,fdbe4495619fe89e09c759e2d45b85c1,new_mechanic,"Манёвры, полосы и траектории","Отдельная геометрия, параметры роли/ТС, несколько допустимых действий либо режим наблюдения; нужна проверка по исходной картинке",False,,Кто должен уступить дорогу?,"Водитель, намеревающийся начать движение от тротуара",85419ab5a04e09ea28f0c9617b6e8392,
9.9,d205a2066b8627d0da3ef687ba3d2c82,existing,"Манёвры, полосы и траектории","Сцена по картинке; контроль допустимых направлений и траекторий, а не только конечного выезда",False,,Разрешено ли Вам выполнить разворот в этом месте?,Запрещено,12a558f5947f8949b9159b01a8186a99,road_9_9
9.10,8a18398a4b1f024b519e90f3ebbd71bd,new_mechanic,Разметка и организация полос,"Отдельная геометрия, параметры роли/ТС, несколько допустимых действий либо режим наблюдения; нужна проверка по исходной картинке",False,,По какой траектории Вам разрешается продолжить движение?,Только по Б,1b79c9d7afef27d7fe061d3f8bbfaa58,
9.11,42cdc7ca04c27fd094b2fce5ad1f8454,new_mechanic,Разметка и организация полос,"Многополосная дорога, перестроения участников, ограничения по полосам и/или категории ТС",False,,Можно ли Вам после опережения грузового автомобиля продолжить движение по левой полосе вне населенных пунктов?,Нельзя,28b95bf19c3a2d14a7f7bce37d99d1a3,
9.12,42ac87d970fd030177149379f2ddf6ce,new_mechanic,Остановка и стоянка,"Выбор и фиксация места остановки, расстояния до перехода/перекрёстка/остановки, положение автомобиля; иногда календарь или статус ТС",False,,Разрешено ли Вам остановиться на легковом автомобиле в указанном месте?,Запрещено,3deaa01681059af7d4c70fc791f9dd1f,
9.13,059bf18cc5917313c7c2e73e20d41726,duplicate,Перекрёстки и приоритет,,False,7.14,"Разрешено ли Вам выехать на перекресток, за которым образовался затор?","Разрешено, если Вы намерены выполнить поворот",c149e9f2ca6afaf456691db1d9126d64,
9.14,340eda677b699654d088c6951e2b884c,existing,Перекрёстки и приоритет,,False,,Вы намерены продолжить движение в прямом направлении. Ваши действия?,Уступите дорогу грузовому автомобилю,7696eff6f310158ee0bcfe0466a7ae39,ticket_9_14
9.15,c64eefab25596af3056aa4b69e92516e,source_conflict,Перекрёстки и приоритет,,False,1.15,Кому Вы обязаны уступить дорогу при повороте налево?,Никому,dd7e958840da9ddd1c102a65d8d5c03f,
9.16,6ff685cb31cfca20c801a58a5c7e0303,small_extension,Автомагистрали,"Сцена на существующих моделях; параметры знаков, участников, расстояний и проверка правила из билета",False,,Разрешается ли движение задним ходом на автомагистрали?,Запрещается,,
9.17,d6dea3787b29207d1d2efae9533b23f5,new_mechanic,Другие дорожные ситуации,"Отдельная геометрия, параметры роли/ТС, несколько допустимых действий либо режим наблюдения; нужна проверка по исходной картинке",False,,Водителям мопедов разрешено двигаться:,Во всех перечисленных случаях,,
9.18,0870b16d1b8263c3667de59e0ef24190,not_selected,"Фары, освещение и видимость",,False,,Дальнейшее движение транспортного средства (даже к месту стоянки или ремонта) при негорящих (отсутствующих) фарах и задних габаритных огнях запрещается:,В обоих перечисленных случаях,,
9.19,edc92ea41cf45fed074c3f7e0a4bb05c,new_mechanic,Другие дорожные ситуации,"Отдельная геометрия, параметры роли/ТС, несколько допустимых действий либо режим наблюдения; нужна проверка по исходной картинке",False,,"Способ разворота с использованием прилегающей территории слева, обеспечивающий безопасность движения, показан:",Только на правом рисунке,bd83abc7aad58c5bfeb5453bc59852d9,
9.20,ebf6778724b14b2fb53787fe04a1323e,not_selected,Другие дорожные ситуации,,False,,"Вероятность возникновения аварийной ситуации при движении в плотном транспортном потоке будет меньше, если скорость Вашего транспортного средства:",Близка к средней скорости потока,,
10.1,36fa12e33b02ee6e1cc4ecfdc5c54d90,not_selected,Другие дорожные ситуации,,False,,Главная дорога показана:,На левом верхнем и нижнем рисунках,5304ee903e2a324d612d8d5feca607c1,
10.2,a3d23da8b5c909f442e112620c7a163b,not_selected,Дорожные знаки,,False,,"Какие из указанных знаков распространяют своё действие только на период времени, когда покрытие проезжей части влажное?",Только А,32587e9605a801bccdd520e3c38c893f,
10.3,6a1c11c9544ea40744863668b84d01b6,new_mechanic,Дорожные знаки,"Отдельная геометрия, параметры роли/ТС, несколько допустимых действий либо режим наблюдения; нужна проверка по исходной картинке",False,,Разрешается ли Вам поставить автомобиль на стоянку в указанном месте?,Запрещается,dcf57f26ee7985780863c789cee91c66,
10.4,51e3fd82339d7b1f2234c92cb9480687,new_mechanic,Дорожные знаки,"Отдельная геометрия, параметры роли/ТС, несколько допустимых действий либо режим наблюдения; нужна проверка по исходной картинке",False,,"Вы управляете грузовым автомобилем с разрешённой максимальной массой не более 3,5 т. В каком направлении Вам разрешено дальнейшее движение?",В любом,d97a526ff4eb109f45d92c28aaad15c6,
10.5,0dbf5d2c180d67ab7e79f385ce8005e6,new_mechanic,Разметка и организация полос,"Отдельная геометрия, параметры роли/ТС, несколько допустимых действий либо режим наблюдения; нужна проверка по исходной картинке",False,,Такой вертикальной разметкой обозначают:,"Только вертикальные элементы дорожных сооружений, представляющие опасность для движущихся транспортных средств",8fce86c612f55498ea6134d9212ddf28,
10.6,331f35c949e98e27d6e9de6e63c90f33,new_mechanic,Перекрёстки и приоритет,"Несколько допустимых маршрутов, ожидание внутри перекрёстка, смена сигнала либо режим наблюдения за другими участниками",False,,Каким транспортным средствам разрешено продолжить движение?,Легковому автомобилю и маломестному автобусу,3ea61713556e6024901f63298ce95eda,
10.7,4a8183284b98e8d591aae99e978c79f9,new_mechanic,Сигналы водителей и аварийное обозначение,"Поворотники игрока, их время включения/выключения, жесты водителей либо установка аварийного знака",False,,Вы намерены произвести разворот на перекрестке. Какие указатели поворота необходимо включить перед въездом на перекресток?,Правого поворота,d2a625a236c040561c3b816ee1628e8b,
10.8,76c1351bb5fb6e68489cabe11aa628ec,duplicate,"Манёвры, полосы и траектории",,False,8.8,По какой траектории Вам разрешается выполнить поворот налево?,Только по Б,e5c4d4989ef9427567d3944a43de239c,
10.9,d076db93e865ce173ef802f21efe95df,new_mechanic,"Манёвры, полосы и траектории","Отдельная геометрия, параметры роли/ТС, несколько допустимых действий либо режим наблюдения; нужна проверка по исходной картинке",False,,Водитель легкового автомобиля в данной ситуации:,"Должен уступить дорогу, поскольку он двигается по полосе разгона",b52f8913fdd60784ce519a5ec775c75d,
10.10,bbff6b07958968588de3f04b33a8573a,not_selected,Другие дорожные ситуации,,False,,Что должно иметь решающее значение при выборе водителем скорости движения в тёмное время суток?,Условия видимости,,
10.11,406ecb824188cb24e008ce80d5e4e6ae,existing,"Обгон, опережение и встречный разъезд",,False,,Можно ли Вам обогнать трактор?,"Можно, если обгон будет завершен не ближе чем за 100 м до переезда",ee408ecd1f2cfad89a7aef5a05dda155,road_10_11
10.12,8ee7a8edf16a574dc5a2728edb3b15eb,new_mechanic,Остановка и стоянка,"Выбор и фиксация места остановки, расстояния до перехода/перекрёстка/остановки, положение автомобиля; иногда календарь или статус ТС",False,,Где разрешается стоянка в целях длительного отдыха или ночлега на дорогах вне населённого пункта?,Только на предусмотренных для этого площадках или за пределами дороги,,
10.13,194ef8a5284cdc1f00c190c4939e0943,new_mechanic,"Фары, освещение и видимость","Управление световыми приборами, различимость света и видимости в 3D, учёт ночи/тумана/ослепления",False,,При включении зелёного сигнала светофора Вам следует:,"Начать движение, убедившись в отсутствии пешеходов и транспортных средств, завершающих движение после смены сигнала светофора",7a60498d12d7f8dcb3630c7a3e3f7312,
10.14,868bee359407c776996137ee312c6e0e,existing,Перекрёстки и приоритет,,False,,Вы намерены проехать перекрёсток в прямом направлении. Кому Вы обязаны уступить дорогу?,Обоим транспортным средствам,46b0ff6c1e56e5f5f1fccee3cf90e2dd,ticket_10_14
10.15,850f07c45a86afbcd4b4f09f017c6edc,existing,Перекрёстки и приоритет,,False,,Кому Вы должны уступить дорогу при повороте налево?,Никому,5fe7a0f5a57a556d3012e3623f54e738,ticket_10_15
10.16,8203a4ca99a8ad83bd1e9c263f5db79d,existing,Железнодорожные переезды,,True,,Разрешён ли Вам въезд на железнодорожный переезд в данной ситуации?,Запрещен,e0026ac62cdcf685a947a07878573d3c,road_10_16
10.17,02885733083bd592bdf45cefcc6ab532,new_mechanic,"Фары, освещение и видимость","Управление световыми приборами, различимость света и видимости в 3D, учёт ночи/тумана/ослепления",False,,При движении в условиях недостаточной видимости можно использовать противотуманные фары:,Только совместно с ближним или дальним светом фар,,
10.18,f3baf16e406a73c5c92d607b65da9cef,not_selected,Другие дорожные ситуации,,False,,При каких дефектах ремней безопасности разрешается эксплуатация транспортного средства?,Имеются значительные потёртости,,
10.19,cb0778a2cf31e5cc57626e817532277e,new_mechanic,"Фары, освещение и видимость","Управление световыми приборами, различимость света и видимости в 3D, учёт ночи/тумана/ослепления",False,,При приближении к вершине подъема в темное время суток водителю следует:,Всегда переключать дальний свет фар на ближний,,
10.20,0a823ee8d2f1e7ac8bd04dbb74613f56,not_selected,Другие дорожные ситуации,,False,,"Какова первая помощь при черепно-мозговой травме, сопровождающейся ранением волосистой части головы?","Остановить кровотечение прямым давлением на рану и наложить давящую повязку. При потере сознания придать устойчивое боковое положение. По возможности, приложить к голове холод",,
11.1,fd2a195b83b2a1f43f14959fe9b1dcc7,not_selected,Другие дорожные ситуации,,False,,Какие транспортные средства относятся к маршрутным транспортным средствам?,"Автобусы, троллейбусы, трамваи, используемые при осуществлении регулярных перевозок пассажиров и багажа, движущиеся по установленному маршруту с обозначенными местами остановок",,
11.2,a9419c0922d0cbc85156257aa264792b,existing,Дорожные знаки,"Сцена на существующих моделях; параметры знаков, участников, расстояний и проверка правила из билета",False,,"Двигаясь в населенном пункте, Вы можете продолжить движение:",Только в направлении Б,725d54cf06b01e98374c9225c8d49798,ticket_11_2
11.3,0dd08ae3307d5d72c13e5171e8678956,not_selected,Дорожные знаки,,False,,Этот знак указывает?,Направление движения к аварийному выходу и расстояние до него,27c48ce18c45d1a42cf7d8d2d2a419e4,
11.4,7940e7c7e439f6cdd903a90c56495362,existing,Дорожные знаки,,True,,До какого места действует требование данного знака?,До места установки знака «Конец зоны с ограничением максимальной скорости»,a4c74890d335d4855f31ebfa7a0f7853,road_11_4
11.5,90d6d040aad074f089e452f978f289dc,new_mechanic,Разметка и организация полос,"Многополосная дорога, перестроения участников, ограничения по полосам и/или категории ТС",False,,"Эта разметка, нанесённая на полосе движения:",Предупреждает Вас о приближении к сужению проезжей части,5fcc7f385b38e454b4ff0eb29ee993da,
11.6,aeae3591ecaffe326feba0543b3b5d95,new_mechanic,Спецтранспорт,"Отдельная геометрия, параметры роли/ТС, несколько допустимых действий либо режим наблюдения; нужна проверка по исходной картинке",False,,"Запрещается выполнять обгон транспортного средства, имеющего нанесенные на наружные поверхности специальные цветографические схемы:",При наличии обоих перечисленных условий,,
11.7,646c61864ee467f5dff54f05d82bb3a6,new_mechanic,Сигналы водителей и аварийное обозначение,"Поворотники игрока, их время включения/выключения, жесты водителей либо установка аварийного знака",False,,Обязаны ли Вы в данной ситуации подать сигнал правого поворота?,Обязаны,2aa10519e6590fdd7a0e4b0130c045ef,
11.8,6c30a3fdc531f5746e42aa0c15ae83ce,existing,"Манёвры, полосы и траектории","Сцена по картинке; контроль допустимых направлений и траекторий, а не только конечного выезда",False,,По какой траектории Вам разрешено выполнить поворот направо?,Только по А,6e34e82ac37d347d62466671b1bc5515,ticket_11_8
11.9,a397830e8d1ecd3df6062ab68221da55,new_mechanic,"Манёвры, полосы и траектории","Отдельная геометрия, параметры роли/ТС, несколько допустимых действий либо режим наблюдения; нужна проверка по исходной картинке",False,,Вам можно выполнить разворот:,По траекториям А или В,32ef6f3b61534285746eceb37d5ce183,
11.10,0269fd114073a4b27374f7ca37520379,new_mechanic,Разметка и организация полос,"Многополосная дорога, перестроения участников, ограничения по полосам и/или категории ТС",False,,"В каких случаях разрешается выезжать за пределы правой полосы, если Вы управляете транспортным средством, скорость которого по техническим причинам не может быть более 40 км/ч?",Во всех перечисленных случаях,,
11.11,feef8cf71cd40fe4306f594a162d0b9d,new_mechanic,"Обгон, опережение и встречный разъезд","Отдельная геометрия, параметры роли/ТС, несколько допустимых действий либо режим наблюдения; нужна проверка по исходной картинке",False,,Водитель обгоняемого транспортного средства:,Не должен препятствовать обгону путем повышения скорости движения или иными действиями,,
11.12,e03321951e398a8ece149876a819e0e5,new_mechanic,Остановка и стоянка,"Выбор и фиксация места остановки, расстояния до перехода/перекрёстка/остановки, положение автомобиля; иногда календарь или статус ТС",False,,Кто из водителей нарушил правила стоянки?,Оба,25b9ec9eace7b64df065e6a6f585cbb2,
11.13,f0e8b486407c5e33be8d2af0fb28a632,existing,Перекрёстки и приоритет,,False,,"Обязаны ли Вы при повороте направо уступить дорогу автомобилю, выполняющему разворот?",Обязаны,6e40b9704037f2543ec1560a342e4d71,ticket_11_13
11.14,51626a271b7cc0a56285573791689c24,new_mechanic,Перекрёстки и приоритет,"Несколько допустимых маршрутов, ожидание внутри перекрёстка, смена сигнала либо режим наблюдения за другими участниками",False,,В каком случае Вы имеете право проехать перекресток первым?,При движении прямо и налево,bc2a0abc48c739079cef9e12b2232b84,
11.15,2b4ce6ab61c50ff4b97eddf27dbc3699,existing,"Фары, освещение и видимость",,False,,Вы намерены продолжить движение прямо. При жёлтом мигающем сигнале светофора следует:,Проехать перекрёсток первым,243644fb9fbf5f97fcf695335ccebca0,ticket_11_15
11.16,ff5a5e1d6ea6f197066bd9991143efd6,small_extension,Скорость движения,"Сцена на существующих моделях; параметры знаков, участников, расстояний и проверка правила из билета",False,,"С какой максимальной скоростью разрешается движение транспортных средств в жилых зонах, велосипедных зонах и на дворовых территориях?",20 км/ч,,
11.17,3ddd5b02b71428f540900d18ca9f7033,new_mechanic,"Фары, освещение и видимость","Управление световыми приборами, различимость света и видимости в 3D, учёт ночи/тумана/ослепления",False,,При движении в темное время суток вне населенных пунктов необходимо использовать:,Фары ближнего или дальнего света,,
11.18,055d75b994695e8b4259b2fee1af8464,not_selected,Другие дорожные ситуации,,False,,"В каких случаях водители привлекаются к уголовной ответственности за нарушения Правил, повлекшие тяжкие последствия?",При причинении смерти человеку или тяжкого вреда здоровью человека,,
11.19,22c5a58dcd71e105cff3976b223c3f2e,new_mechanic,Другие дорожные ситуации,"Новая геометрия и область применения правила: мост, тоннель, уклон или ограниченный обзор",False,,"В случае остановки на подъеме (спуске) при наличии тротуара можно предотвратить самопроизвольное скатывание автомобиля, повернув его передние колеса в положение:",А и В,e89185b8691dc7965ad22c76db00759f,
11.20,4ee475919d4e46ac553ba6b031c03359,not_selected,Другие дорожные ситуации,,False,,"Какое расстояние проедет транспортное средство за время, равное среднему времени реакции водителя, при скорости движения около 90 км/час?",Примерно 25 м,,
12.1,e461bcd1a9d3d04ffe8c473bb56e293a,not_selected,Другие дорожные ситуации,,False,,"В каких случаях владелец легкового автомобиля может передавать управление этим транспортным средством в своем присутствии другому лицу, имея страховой полис обязательного страхования гражданской ответственности на бумажном носителе или в виде электронного документа либо его копии на бумажном носителе?",При наличии у этого лица водительского удостоверения на право управления транспортным средством категории «В»,,
12.2,c9334e92840e0a9bee92139be21cabeb,new_mechanic,Дорожные знаки,"Отдельная геометрия, параметры роли/ТС, несколько допустимых действий либо режим наблюдения; нужна проверка по исходной картинке",False,,Этот знак:,Обязывает Вас уступить дорогу встречному транспортному средству,327848f33bb2815be5de7fba594a9e04,
12.3,20c75dad5060cad85178952f8543262a,new_mechanic,Дорожные знаки,"Отдельная геометрия, параметры роли/ТС, несколько допустимых действий либо режим наблюдения; нужна проверка по исходной картинке",False,,В каких направлениях Вам можно продолжить движение на перекрёстке?,"Прямо, налево и в обратном направлении",69c9343c1d6d9ef251e048b9b1fedad3,
12.4,d3968400c01de395aafd0e7ee9313004,not_selected,Дорожные знаки,,False,,Какие из указанных знаков разрешают движение мопедов?,Только В,f7c934beadde275ed332f01bc1d6d5c5,
12.5,6532585f70efb2d6b01a0ebe668c3cf3,existing,Разметка и организация полос,"Сцена на существующих моделях; параметры знаков, участников, расстояний и проверка правила из билета",False,,Движение разрешается:,Только по траектории Б,e8237bab04b14d71dd0f27a6a30e2abf,ticket_12_5
12.6,2f8adb9763d4c4e47b02bf37b8f0c76a,not_selected,Светофоры и регулировщики,,False,,"Какое значение имеет сигнал свистком, подаваемый регулировщиком?",Сигнал подаётся для привлечения внимания участников движения,,
12.7,70ff7967e6af90c07cbb6e9416d46874,new_mechanic,Сигналы водителей и аварийное обозначение,"Поворотники игрока, их время включения/выключения, жесты водителей либо установка аварийного знака",False,,Вы намерены повернуть налево на этом перекрёстке. В какой момент следует включить указатели левого поворота?,После въезда на первое пересечение проезжих частей,2b0f3c08d7d87bc3b72cc967f4aa8ff9,
12.8,1c039b62c895602472e8441ffe43ad14,new_mechanic,"Манёвры, полосы и траектории","Многополосная дорога, перестроения участников, ограничения по полосам и/или категории ТС",False,,Кто должен уступить дорогу при одновременном перестроении?,Водитель легкового автомобиля,2adaa246a624f1f6759b6b1cff797dbd,
12.9,b69a025195b78740b40aa0df3cc36778,new_mechanic,"Манёвры, полосы и траектории","Новая геометрия и область применения правила: мост, тоннель, уклон или ограниченный обзор",False,,Разрешено ли Вам выполнить разворот на мосту по указанной траектории?,Запрещено,8f0ff8f89e30a8c8a755fa781b2745ae,
12.10,433127439544633941d7e20012cc1963,small_extension,Скорость движения,"Сцена на существующих моделях; параметры знаков, участников, расстояний и проверка правила из билета",False,,С какой скоростью Вы имеете право продолжить движение в населённом пункте по правой полосе?,Не более 60 км/ч,1e705619216f7727620196fe657675dd,
12.11,65bb67bbaf1798938a78e2c76565be6f,existing,"Обгон, опережение и встречный разъезд",,False,,Разрешено ли Вам выполнить обгон в данной ситуации?,"Разрешено, если обгон будет завершён до перекрёстка",dfcdfe8499bd05570a8c33ebf0d97611,road_12_11
12.12,1a31264160e72af7b52a5bcd0977ebdb,new_mechanic,Остановка и стоянка,"Выбор и фиксация места остановки, расстояния до перехода/перекрёстка/остановки, положение автомобиля; иногда календарь или статус ТС",False,,Можно ли Вам поставить автомобиль на стоянку в указанном месте?,Нельзя,4fc423e88c78dc69482145396d5b8714,
12.13,d72dcc8b68b6d5a24de5e002d7c2b9eb,existing,Перекрёстки и приоритет,,False,,Вы намерены повернуть направо. Ваши действия?,"Повернете направо, уступив дорогу пешеходам",15598370865aaa7a33d3221b521d408b,ticket_12_13
12.14,e636c28bb84f0b1776a2da35ad1fe4f4,new_mechanic,Перекрёстки и приоритет,"Несколько допустимых маршрутов, ожидание внутри перекрёстка, смена сигнала либо режим наблюдения за другими участниками",False,,При движении в каком направлении Вы должны уступить дорогу автомобилю с включенными проблесковым маячком и специальным звуковым сигналом?,В любом,b0ba587013475581dd72731cbc816d54,
12.15,3b0778d393beaf09d4da768802a87a1d,existing,"Фары, освещение и видимость",,False,,Вы намерены продолжить движение прямо. Ваши действия при жёлтом мигающем сигнале светофора?,Уступите дорогу только автомобилю,1d55fde9be6beff7612cc3910c03b3fd,ticket_12_15
12.16,b488af899e21064b5ce905c3587b3b20,not_selected,Автомагистрали,,False,,Разрешается ли учебная езда на автомагистрали?,Разрешается,,
12.17,928ca060450ba05f1f98579c12dc0b6e,new_mechanic,"Фары, освещение и видимость","Управление световыми приборами, различимость света и видимости в 3D, учёт ночи/тумана/ослепления",False,,При движении в тёмное время суток на неосвещённых участках дорог можно использовать противотуманные фары:,Только совместно с ближним или дальним светом фар,,
12.18,fd78481ac06b96c8b90438468008bd52,not_selected,Другие дорожные ситуации,,False,,При какой неисправности тормозной системы запрещается эксплуатация транспортного средства?,Стояночная тормозная система не обеспечивает неподвижное состояние транспортного средства с полной нагрузкой на уклоне до 16% включительно,,
12.19,6ee380e47bee3d5f38528cf87ca8f9f8,new_mechanic,Другие дорожные ситуации,"Отдельная геометрия, параметры роли/ТС, несколько допустимых действий либо режим наблюдения; нужна проверка по исходной картинке",False,,"Способ разворота с использованием прилегающей территории справа, обеспечивающий безопасность движения, показан:",Только на левом рисунке,f688bc3a0ec802b68e3d83de9a0df096,
12.20,305a0b6360bc33e31e3aff4a3c616671,not_selected,Другие дорожные ситуации,,False,,Как следует уложить пострадавшего при потере им сознания и наличии дыхания и кровообращения для оказания первой помощи?,"Придать пострадавшему устойчивое боковое положение, чтобы согнутые колени опирались о землю, а верхняя рука находилась под щекой",,
13.1,69b51e1c875cd1fd3060e79842c3e831,new_mechanic,Другие дорожные ситуации,"Отдельная геометрия, параметры роли/ТС, несколько допустимых действий либо режим наблюдения; нужна проверка по исходной картинке",False,,"Соответствуют ли действия водителя Правилам, если он движется посередине дороги?",Не соответствуют,810552ccbc71b52860201ad9d0d83e64,
13.2,1f22edcb767713e2962a048ad2c5544e,new_mechanic,Дорожные знаки,"Отдельная геометрия, параметры роли/ТС, несколько допустимых действий либо режим наблюдения; нужна проверка по исходной картинке",False,,"Как следует поступить, если Вам необходимо развернуться?",Проехать прямо и развернуться за перекрёстком,393e60fa622eb38d508db835f84ffd57,
13.3,2061f8fab9350ab6d64a2e6d8c3550d1,new_mechanic,Дорожные знаки,"Отдельная геометрия, параметры роли/ТС, несколько допустимых действий либо режим наблюдения; нужна проверка по исходной картинке",False,,Разрешена ли Вам стоянка в указанном месте?,Запрещена,a34a9969411776c4cde79924cef32cb8,
13.4,c728711456f888ff4ec548bdb2cc7c6f,not_selected,Дорожные знаки,,False,,Эта табличка распространяет действие установленного с ней знака:,"На легковые автомобили, а также на грузовые автомобили с разрешённой максимальной массой не более 3,5 т",2cc7b58517335189e53c29926cbd29a5,
13.5,43f8d52a473cb46ec566a2827586929d,small_extension,Разметка и организация полос,"Сцена на существующих моделях; параметры знаков, участников, расстояний и проверка правила из билета",False,,Какой пешеходный переход обозначает данная разметка?,Любой,16692cb12e0383f106396319f3c3a51b,
13.6,4270ef72b8eb7d6fb8bc9f8628d66492,existing,Железнодорожные переезды,,True,,Ваши действия в данной ситуации?,"Проедете переезд, убедившись в отсутствии приближающегося поезда",133673e62c11a1cbfdb98c9d2e0ff4f2,road_13_6
13.7,7fef027970ac8688559ad8391be9527b,new_mechanic,Сигналы водителей и аварийное обозначение,"Поворотники игрока, их время включения/выключения, жесты водителей либо установка аварийного знака",False,,Когда может быть прекращена подача сигнала рукой о повороте?,Непосредственно перед началом маневра,,
13.8,533edbb5b0d53cc157822bfc4c38474c,new_mechanic,"Манёвры, полосы и траектории","Многополосная дорога, перестроения участников, ограничения по полосам и/или категории ТС",False,,Из какой полосы разрешено въехать на данный перекрёсток?,Из любой,e632b7c72a0749d5dedc7fe5605c70e5,
13.9,af88aaf73d8f72094e4b0a5096a47c39,new_mechanic,"Манёвры, полосы и траектории","Отдельная геометрия, параметры роли/ТС, несколько допустимых действий либо режим наблюдения; нужна проверка по исходной картинке",False,,Разрешается ли Вам выполнить разворот на этом участке дороги?,Разрешается только при видимости дороги не менее 100 м,dee7e175465e546b541228e68a67edbc,
13.10,0de0d49f52dfe615b1a7b6d0c6eecea7,existing,Скорость движения,,False,,С какой максимальной скоростью Вы имеете право продолжить движение на легковом автомобиле?,90 км/ч,d5f5cc042021c3819994fe9387b44c98,road_13_10
13.11,dbeb93458947c8647335e65df9a50ea9,existing,"Обгон, опережение и встречный разъезд",,False,,Сколько транспортных средств Вам можно обогнать одновременно после проезда пешеходного перехода?,Все три,f90951f37f9ad6466818f43364f074c6,road_13_11
13.12,1da76bcea297fe0e2955198921add0c5,new_mechanic,Остановка и стоянка,"Выбор и фиксация места остановки, расстояния до перехода/перекрёстка/остановки, положение автомобиля; иногда календарь или статус ТС",False,,Разрешено ли Вам остановиться на мосту для посадки пассажира?,Запрещено,6dae5a3892749dcae125697ffe1951f6,
13.13,25b3ae65d4bbdc58906e2bf2311c011b,new_mechanic,Перекрёстки и приоритет,"Выбор полосы/трамвайного пути, сигналы трамвая и приоритет в конкретной фазе манёвра",False,,В данной ситуации Вы не обязаны уступать дорогу трамваю при движении:,Прямо или направо,657506834f78d08a97983b19a4cfd256,
13.14,2b2c8249eca052796e4ba9a714d5e8c2,new_mechanic,Перекрёстки и приоритет,"Несколько допустимых маршрутов, ожидание внутри перекрёстка, смена сигнала либо режим наблюдения за другими участниками",False,,"Кто из водителей, выполняющих поворот, должен уступить дорогу пешеходам?",Оба,ed9f1cd27af931a776a01e9dfc33f1cb,
13.15,fd37552baccdfe11681a8b7b81c7becb,existing,Перекрёстки и приоритет,,False,,Можете ли Вы в данной ситуации приступить к повороту налево?,"Можете, только убедившись в том, что не создадите помех встречному автомобилю, выполняющему поворот налево",2a89db503b07384ad4651da44028a545,ticket_13_15
13.16,2fbd26fdc5bba364da9c714f9d864f0b,new_mechanic,"Дворы, жилые зоны и пешеходы","Многополосная дорога, перестроения участников, ограничения по полосам и/или категории ТС",False,,"Разрешается ли Вам на легковом автомобиле перестроиться вправо, чтобы продолжить движение в прямом направлении?","Разрешается, если Вы управляете легковым такси",f564c69e03844f791e8883e51eba8e6f,
13.17,1c1a6f590a28ae4ac1e1e48251148bf8,new_mechanic,"Фары, освещение и видимость","Управление световыми приборами, различимость света и видимости в 3D, учёт ночи/тумана/ослепления",False,,Задние противотуманные фонари можно использовать:,Только в условиях недостаточной видимости,,
13.18,77592d199d55be2c76d39990caa35b5c,not_selected,Другие дорожные ситуации,,False,,При возникновении какой неисправности запрещено дальнейшее движение транспортного средства даже до места ремонта или стоянки?,Неисправно рулевое управление,,
13.19,42aab7498b42e8a510b9a68b7b8bb9b1,not_selected,Другие дорожные ситуации,,False,,"Двигаясь в прямом направлении, Вы внезапно попали на небольшой участок скользкой дороги. Что следует предпринять?",Не менять траектории и скорости движения,,
13.20,24195a282cdf92b570bb5962c1ac5cef,not_selected,Другие дорожные ситуации,,False,,На какой срок может быть наложен кровоостанавливающий жгут?,Не более одного часа в теплое время года и не более получаса в холодное время года,,
14.1,8aa547594ac945a577dfe3cb3b140c10,not_selected,Другие дорожные ситуации,,False,,Что означает термин «Ограниченная видимость»?,"Видимость водителем дороги, ограниченная рельефом местности, геометрическими параметрами дороги, растительностью, строениями, сооружениями или другими объектами",,
14.2,0e888d95c358ab212e8ddc923f5c2fbf,existing,Дорожные знаки,,True,,О чем предупреждают Вас эти знаки:,Съезд на обочину опасен в связи с проведением на ней дорожных работ,4ccdddd3c39cafc8b550561ba057ba10,road_14_2
14.3,93d4ec3fa830ea3af252d70b0697bfc7,not_selected,Дорожные знаки,,False,,"Какие из указанных знаков разрешают движение грузовым автомобилям с разрешённой максимальной массой не более 3,5 т?",А и В,90b40555c5539d69ab7a6d381386e445,
14.4,f97752d7d47c089c0578db029244f4d2,new_mechanic,Дорожные знаки,"Многополосная дорога, перестроения участников, ограничения по полосам и/или категории ТС",False,,Вам можно продолжить движение по крайней левой полосе на легковом автомобиле:,"Прямо, налево или в обратном направлении",37a2e2cad7d52d8d5d2fe12956f3f5e3,
14.5,673468ed8f01b7b41af7344961c11ccb,new_mechanic,Разметка и организация полос,"Отдельная геометрия, параметры роли/ТС, несколько допустимых действий либо режим наблюдения; нужна проверка по исходной картинке",False,,В каком из указанных мест Вам разрешено пересечь сплошную линию разметки и остановиться?,Только Б,e67a843e51d4890c4c5e1ff3bdfa12ac,
14.6,71dbaa23b39d01c14970f301e069f4f5,small_extension,Светофоры и регулировщики,Сцена по картинке; нужное состояние/мигание светофора или поза регулировщика и разрешение начать движение,False,,Должны ли Вы остановиться по требованию регулировщика в указанном им месте?,Должны,0700dacc27c1af557dcf4ea1eece9898,
14.7,9af41013614f90bb60ae60236606112c,new_mechanic,Сигналы водителей и аварийное обозначение,"Поворотники игрока, их время включения/выключения, жесты водителей либо установка аварийного знака",False,,"Такой сигнал рукой, подаваемый водителем мотоцикла, информирует Вас:",О его намерении повернуть налево или выполнить разворот,e528564f75b6d8e88501e68c43f668bc,
14.8,cbce3c78c6539efdb47bc9045d62301d,existing,"Манёвры, полосы и траектории",,False,,По какой траектории Вам разрешается выполнить поворот налево?,По любой из указанных,1164f37fcc05a994db6405a510100b22,ticket_14_8
14.9,9c5ccf7ac0c8810fb6f07fbcebd87f06,small_extension,"Манёвры, полосы и траектории","Сцена на существующих моделях; параметры знаков, участников, расстояний и проверка правила из билета",False,,Можно ли Вам развернуться в этом месте?,Можно,9cd53e74212814d14900204fc64976c1,
14.10,cc759387b03f468bb711923a490ae859,new_mechanic,Разметка и организация полос,"Отдельная геометрия, параметры роли/ТС, несколько допустимых действий либо режим наблюдения; нужна проверка по исходной картинке",False,,Допускается ли движение автомобилей по тротуарам или пешеходным дорожкам?,"Допускается только при доставке грузов к торговым и другим предприятиям, расположенным непосредственно у тротуаров или пешеходных дорожек, если отсутствуют другие возможности подъезда",,
14.11,08324845c8ee61d411379adde4c25454,new_mechanic,"Обгон, опережение и встречный разъезд","Отдельная геометрия, параметры роли/ТС, несколько допустимых действий либо режим наблюдения; нужна проверка по исходной картинке",False,,"В данной ситуации, Вы:","Должны уступить дорогу, так как встречный автомобиль движется на подъем",b28b2b40d3f03f5c2ffd3ecde7541ea5,
14.12,d6115df8c2fbd25596d686a477814179,new_mechanic,Остановка и стоянка,"Выбор и фиксация места остановки, расстояния до перехода/перекрёстка/остановки, положение автомобиля; иногда календарь или статус ТС",False,,Разрешено ли Вам остановиться на мосту в этом месте?,Разрешено,b4505e7eecfe9ff9672af15cc58a9105,
14.13,0d98d1d61f57dd4f66f07e984bb07668,new_mechanic,"Фары, освещение и видимость","Управление световыми приборами, различимость света и видимости в 3D, учёт ночи/тумана/ослепления",False,,При включении зелёного сигнала светофора Вы должны уступить дорогу:,Обоим автомобилям,dd15c5c92a1b7c94fdb3e7dc31b52742,
14.14,f110bdab640dcf5443d62c6b0be3d76e,existing,Перекрёстки и приоритет,,False,,Вы намерены проехать перекрёсток в прямом направлении. Кому Вы обязаны уступить дорогу?,Обоим трамваям,11f039da164d6a869116a1ecf0aa5a18,ticket_14_14
14.15,799fcc9cd0bb95dcd359cba8e53d205a,existing,Перекрёстки и приоритет,,False,,При повороте налево Вы:,Должны уступить дорогу только автобусу,84e8cb2bde0226c0b037e892ac66149a,ticket_14_15
14.16,091225e80401115d5bc7e187231c8c78,new_mechanic,Автомагистрали,"Отдельная геометрия, параметры роли/ТС, несколько допустимых действий либо режим наблюдения; нужна проверка по исходной картинке",False,,Кто из водителей нарушает правила разворота на автомагистрали?,Только водитель легкового автомобиля,51759c26b47f5e5951180e6f1fb45fba,
14.17,adabe4ecd902c4eed624e35ed5e949ce,new_mechanic,"Буксировка, груз и категория транспорта","Роль/параметры транспорта из вопроса, груз, сцепка и физика прицепа; проверка не по внешнему виду машины",False,,Буксировка двухколесного мотоцикла разрешается:,"Только если мотоцикл с боковым прицепом, а водитель соответствующего транспортного средства имеет право на управления транспортными средствами в течение двух и более лет",,
14.18,829093aaf38ee04ad212ade05a38e9f8,not_selected,Другие дорожные ситуации,,False,,В каком из перечисленных случаев разрешается эксплуатация автомобиля?,Зимние шины имеют восстановленные шипы противоскольжения,,
14.19,c8606085eeafe66637244e52c8bf47e3,not_selected,Другие дорожные ситуации,,False,,Как влияет длительный разгон транспортного средства с включенной первой передачей на расход топлива?,Расход топлива увеличивается,,
14.20,0f723efbbe7483a75cff412c7acc68e5,not_selected,"Фары, освещение и видимость",,False,,Является ли безопасным движение вне населенного пункта на легковом автомобиле в темное время суток с включенным ближним светом фар по неосвещенному участку дороги со скоростью 90 км/ч?,"Не является безопасным, поскольку остановочный путь превышает расстояние видимости",,
15.1,f034f55b098ac593ef3fbe1f2e718abe,not_selected,Другие дорожные ситуации,,False,,"Какой неподвижный объект, не позволяющий продолжить движение по полосе, не относится к понятию «Препятствие»?","Транспортное средство, остановившееся на этой полосе из-за образования затора",,
15.2,78d0e0698678ea87eb3d965f16eb3a31,new_mechanic,Дорожные знаки,"Отдельная геометрия, параметры роли/ТС, несколько допустимых действий либо режим наблюдения; нужна проверка по исходной картинке",False,,Вам можно продолжить движение на перекрёстке:,В направлениях А и Б,39333327bfa4ea7672436c3a6e246685,
15.3,a658c95ab38c606cb86155435a56a8d4,existing,Дорожные знаки,,True,,Этот дорожный знак:,Запрещает движение со скоростью более 40 км/ч,53c85c589d028478469bd806d0fe5b44,road_15_3
15.4,fe431ab388538471611a69f290d42c0e,not_selected,Дорожные знаки,,False,,"Какие из указанных табличек указывают протяжённость зоны действия знаков, с которыми они применяются?",Б и В,0f3ea6b92e7936763e7f31e71369b482,
15.5,de7f75553889519cbc8839150f55ec63,new_mechanic,"Фары, освещение и видимость","Управление световыми приборами, различимость света и видимости в 3D, учёт ночи/тумана/ослепления",False,,Разрешён ли Вам такой маневр при выключенных реверсивных светофорах?,Запрещен,47dbadc338d88d511ee8167206f30c7e,
15.6,1fb70c24de235d014ec10b22daea3ca3,small_extension,Светофоры и регулировщики,Сцена по картинке; нужное состояние/мигание светофора или поза регулировщика и разрешение начать движение,False,,При таких сигналах светофора и жесте регулировщика Вы должны:,Остановиться у стоп-линии,9a3d0dbd51d32c85d61a089d285e7335,
15.7,cf2587f346584d94ec4b58c5939badf3,new_mechanic,Сигналы водителей и аварийное обозначение,"Поворотники игрока, их время включения/выключения, жесты водителей либо установка аварийного знака",False,,"Обязан ли в этой ситуации водитель, остановившийся из-за неисправности, выставить знак аварийной остановки?",Обязан,9e6a35bbbb7b463adf4264050cc26763,
15.8,ee8e73a9a85c8b19e396962d1ffe9c84,new_mechanic,"Манёвры, полосы и траектории","Отдельная геометрия, параметры роли/ТС, несколько допустимых действий либо режим наблюдения; нужна проверка по исходной картинке",False,,По какой траектории Вам разрешено продолжить движение налево?,По любой из указанных,c18b6b32710d9d3be9e9398ea8501c19,
15.9,92356c3a8ebed311599a61484111a14f,new_mechanic,"Манёвры, полосы и траектории","Отдельная геометрия, параметры роли/ТС, несколько допустимых действий либо режим наблюдения; нужна проверка по исходной картинке",False,,"Как Вам следует действовать, выезжая с места стоянки одновременно с другим автомобилем?",Уступить дорогу,7b65d963dfd2884d611eaf29258ab2ad,
15.10,5e9ef5b54f8dd2fe12d16f9e7217162e,not_selected,Скорость движения,,False,,К резкому торможению можно прибегнуть:,Для предотвращения дорожно-транспортного происшествия,,
15.11,2baae7be995c64c9d450512326139645,new_mechanic,"Обгон, опережение и встречный разъезд","Многополосная дорога, перестроения участников, ограничения по полосам и/или категории ТС",False,,Разрешается ли на двухполосной дороге выполнять обгон на перекрёстках?,Разрешается только на перекрёстках неравнозначных дорог при движении по главной дороге,,
15.12,cc9e0ad6d760e094d2ccaff98ae4ed6d,new_mechanic,Остановка и стоянка,"Выбор и фиксация места остановки, расстояния до перехода/перекрёстка/остановки, положение автомобиля; иногда календарь или статус ТС",False,,Кто из водителей нарушил правила остановки?,Оба,33c782d613cfec360e0a7b92282c4ef4,
15.13,0cb2b478dc17e3d0ecb6e342d5fe65bd,new_mechanic,Перекрёстки и приоритет,"Выбор полосы/трамвайного пути, сигналы трамвая и приоритет в конкретной фазе манёвра",False,,В каком случае Вы обязаны пропустить трамвай?,В обоих перечисленных случаях,972568e0368e212d3e544299c1cf9e6c,
15.14,300e9333ae2c626e63f181922b27eff9,existing,Перекрёстки и приоритет,,False,,"При движении в прямом направлении, Вам следует:",Уступить дорогу только трамваю,027cbb3db9e957610325cddf7cf6a5ed,ticket_15_14
15.15,1ff83cfa25d8634e88ee581fe7e7ba35,existing,Перекрёстки и приоритет,,False,,Кому Вы должны уступить дорогу при повороте налево?,Только автобусу,1d93395fcc55702c1381825d1b12da43,ticket_15_15
15.16,3e8d2366f6de759bf50772fbf741f055,new_mechanic,"Дворы, жилые зоны и пешеходы","Отдельная геометрия, параметры роли/ТС, несколько допустимых действий либо режим наблюдения; нужна проверка по исходной картинке",False,,Вам разрешено продолжить движение:,Только по траектории Б,e85d838592ee2c2eff19795e2fa30b9a,
15.17,5c698fc4bf8bcf1f57a983894354a09f,new_mechanic,"Фары, освещение и видимость","Управление световыми приборами, различимость света и видимости в 3D, учёт ночи/тумана/ослепления",False,,Привлечь внимание водителя обгоняемого автомобиля при движении вне населенного пункта в светлое время суток можно:,Любым из перечисленных способов,,
15.18,3ef94b3e5a3b25b26d78db0fd12c915f,not_selected,Другие дорожные ситуации,,False,,Эксплуатация мотоцикла запрещается:,При отсутствии всего перечисленного оборудования,,
15.19,3952975be53a41080f30b2a9ba0ebf96,not_selected,Другие дорожные ситуации,,False,,Как следует выбирать передачу при торможении двигателем с учетом крутизны спуска?,"Чем круче спуск, тем ниже передача",,
15.20,c3fc20c1170efd75b98b070377bcc13d,not_selected,Другие дорожные ситуации,,False,,"О каких травмах у пострадавшего может свидетельствовать поза «лягушки» (ноги согнуты в коленях и разведены, а стопы развернуты подошвами друг к другу) и какую первую помощь необходимо при этом оказать?","У пострадавшего могут быть переломы шейки бедра, костей таза, перелом позвоночника, повреждение внутренних органов малого таза, внутреннее кровотечение. Позу ему не менять, ноги не вытягивать, шины не накладывать. При первой помощи подложить под колени валик из мягкой ткани, к животу по возможности приложить холод.",,
16.1,ea8a2d8f6517746799e84a33f54f04ff,not_selected,"Фары, освещение и видимость",,False,,"При наличии каких условий в случаях вынужденной остановки транспортного средства или дорожно-транспортного происшествия водитель обязан быть одетым в куртку, жилет или жилет-накидку с полосами световозвращающего материала?",При наличии всех перечисленных условий,,
16.2,43c7d1df676cc2c46e9ad63da072fc72,existing,Дорожные знаки,"Сцена на существующих моделях; параметры знаков, участников, расстояний и проверка правила из билета",False,,В какой из дворов Вам можно въехать в данной ситуации?,Только во двор направо,402925527d34bf47e227a9b363d010b6,ticket_16_2
16.3,3ef85974fdef3c802f706546ca45d587,not_selected,Дорожные знаки,,False,,Какой из указанных знаков запрещает дальнейшее движение всех без исключения транспортных средств?,Б,e3d7af2c86be5a6f803a0a2339bc36ae,
16.4,8ee8cc73d6a66a5ac437c8de19107a3f,new_mechanic,Дорожные знаки,"Отдельная геометрия, параметры роли/ТС, несколько допустимых действий либо режим наблюдения; нужна проверка по исходной картинке",False,,О чём информируют эти знаки?,Рекомендуемая скорость 40 км/ч при влажном покрытии,fba2d0f7ea26784dd789e2bc028155f9,
16.5,83c795f2d0d72c3c226062d6ce700cc3,new_mechanic,Разметка и организация полос,"Отдельная геометрия, параметры роли/ТС, несколько допустимых действий либо режим наблюдения; нужна проверка по исходной картинке",False,,Разрешена ли Вам остановка в этом месте?,Запрещена,87dd59ca65649fe2e529146193452ff3,
16.6,2bae1c7158ce3a80c3d1510d12d1116a,new_mechanic,Светофоры и регулировщики,"Отдельная геометрия, параметры роли/ТС, несколько допустимых действий либо режим наблюдения; нужна проверка по исходной картинке",False,,Как следует поступить водителю при переключении такого сигнала светофора?,При включении зеленого сигнала продолжить движение только направо,ffbd1df2adfb0a9d3a44338b0d9657cd,
16.7,79ffbd882fe5238f3f45dfd43562ba51,new_mechanic,Сигналы водителей и аварийное обозначение,"Поворотники игрока, их время включения/выключения, жесты водителей либо установка аварийного знака",False,,Аварийная сигнализация на буксируемом механическом транспортном средстве должна быть включена:,"Во всех случаях, когда осуществляется буксировка",,
16.8,043130ef77318a9fe9177ed542cfc9b7,new_mechanic,"Манёвры, полосы и траектории","Многополосная дорога, перестроения участников, ограничения по полосам и/или категории ТС",False,,"Обязан ли водитель автомобиля, который движется по левой полосе, уступить дорогу в данной ситуации?",Не обязан,b60cc6691fa57d472e10bdc652a5581e,
16.9,dc592620cb943ceda9402b04b1508ee2,small_extension,"Манёвры, полосы и траектории","Сцена по картинке; контроль допустимых направлений и траекторий, а не только конечного выезда",False,,"Можно ли Вам на перекрёстке выполнить разворот, двигаясь задним ходом?",Нельзя,10c93fd2e8cb0fc0fb705d68be3d970e,
16.10,cae870309f61865420a0d4aafa053f27,existing,Скорость движения,,False,,С какой максимальной скоростью Вы имеете право продолжить движение вне населенных пунктов на легковом автомобиле?,90 км/ч,def37a56d498740728e91902c2a75cfc,road_16_10
16.11,fdc633762f291c5a0796920bc0780667,existing,"Обгон, опережение и встречный разъезд",,False,,Разрешается ли Вам выполнить обгон в данной ситуации?,Разрешается,b1baa666b73727b83c8918386c1020a5,road_16_11
16.12,c228e4a3e9252e0b181bea7f32faebb5,new_mechanic,Остановка и стоянка,"Выбор и фиксация места остановки, расстояния до перехода/перекрёстка/остановки, положение автомобиля; иногда календарь или статус ТС",False,,В каком из указанных мест Вы можете поставить автомобиль на стоянку?,Только В,08103f56e684a60f8501cb3c48ee8528,
16.13,a3ea7d0ff65e34bd919d92c07e55403e,existing,Перекрёстки и приоритет,,False,,Вы намерены проехать перекрёсток в прямом направлении. Кому вы должны уступить дорогу?,Только трамваю,17ca1dd7faf1c1ea2680f5d3a1620c56,ticket_16_13
16.14,668d7512cacd89f836cb82d051090eed,existing,Перекрёстки и приоритет,,False,,При въезде на перекрёсток Вы:,Должны уступить дорогу обоим транспортным средствам,7b1c408b98194dd5cdadf50edd222bbf,ticket_16_14
16.15,f4792cb76559bd9ab2ce7ff377db691c,existing,Перекрёстки и приоритет,,False,,Кому Вы обязаны уступить дорогу при повороте налево?,Обоим транспортным средствам,238e4c24cb2fac30bce698f879249e9f,ticket_16_15
16.16,81c1d2c12026c9fd189eee415c6568cb,new_mechanic,Автомагистрали,"Отдельная геометрия, параметры роли/ТС, несколько допустимых действий либо режим наблюдения; нужна проверка по исходной картинке",False,,"Разрешено ли Вам остановиться на автомагистрали правее линии, обозначающей край проезжей части?",Разрешено только в случае вынужденной остановки,f9dcfb20a041a7701ee06f6a2ce994e5,
16.17,70ed161f0d9915413e677d5b73719f37,not_selected,Другие дорожные ситуации,,False,,Какие из перечисленных требований являются обязательными при перевозке детей?,Оба требования являются обязательными,,
16.18,0b41791988b8354f1f765f5b68699969,not_selected,Другие дорожные ситуации,,False,,"Запрещается эксплуатация легкового автомобиля, если стояночная тормозная система не обеспечивает неподвижное состояние автомобиля в снаряженном состоянии на уклоне:",До 23% включительно,,
16.19,9d295c89848340457a68a871da59cafc,new_mechanic,Другие дорожные ситуации,"Отдельная геометрия, параметры роли/ТС, несколько допустимых действий либо режим наблюдения; нужна проверка по исходной картинке",False,,"При повороте направо обеспечение безопасности движения достигается путем выполнения поворота по траектории, которая показана:",На левом рисунке,f5998a7e83855f3830477470922a72de,
16.20,6ef43c5e599dec410de09a9ff0ecbf04,not_selected,Другие дорожные ситуации,,False,,Как определить наличие дыхания у потерявшего сознание пострадавшего?,"Положить одну руку на лоб пострадавшего, двумя пальцами другой поднять подбородок и, запрокинув голову, наклониться к его лицу и в течение 10 секунд прислушаться к дыханию, постараться ощутить выдыхаемый воздух своей щекой, проследить за движением грудной клетки",,
17.1,2dfe09b31d40529fab712e4a99c71864,not_selected,Другие дорожные ситуации,,False,,Являются ли тротуары и обочины частью дороги?,Являются,,
17.2,57022e9680c0508669f5e7a604a14ef2,new_mechanic,Дорожные знаки,"Отдельная геометрия, параметры роли/ТС, несколько допустимых действий либо режим наблюдения; нужна проверка по исходной картинке",False,,На каком расстоянии до неровного участка дороги устанавливается этот знак вне населённого пункта?,150-300 м,c3283fd18856944d0c3408e50036f46c,
17.3,be896a558e35b734dc3593e89ad7e8f9,not_selected,Дорожные знаки,,False,,"Требования каких знаков из указанных вступают в силу непосредственно в том месте, где они установлены?",А и Б,220c2e1aa11245c95e692d3a19fca6f8,
17.4,4f5017c43b1c5cb4e9b7c0b66e467d1d,new_mechanic,Дорожные знаки,"Отдельная геометрия, параметры роли/ТС, несколько допустимых действий либо режим наблюдения; нужна проверка по исходной картинке",False,,Вам разрешено продолжить движение:,По траекториям А или В,68f2a77d712c0c72522ae2910d65e80e,
17.5,5eba5d47b4007432fc2a8258287bae21,existing,Разметка и организация полос,,False,,Можно ли Вам выполнить обгон при наличии данной разметки?,Нельзя,7fd0239a625c95ad9728ea9851f64c9c,road_17_5
17.6,5aa243ae9a9a08eb4ce1469d2b430fb0,existing,Светофоры и регулировщики,,True,,В каком месте Вам следует остановиться?,Перед светофором,174e8937d521802e5d063d9c5acb5b37,ticket_17_6
17.7,239fc67e604818ef29e21815041e436d,new_mechanic,Сигналы водителей и аварийное обозначение,"Поворотники игрока, их время включения/выключения, жесты водителей либо установка аварийного знака",False,,На каком расстоянии от транспортного средства должен быть выставлен знак аварийной остановки в данной ситуации?,Не менее 15 м,afc8938a23c5f720b9d6f0fc9458690e,
17.8,ee126a4230a598c094c68c68686c149d,existing,"Манёвры, полосы и траектории","Сцена по картинке; контроль допустимых направлений и траекторий, а не только конечного выезда",False,,Разрешено ли Вам выполнить поворот направо в данной ситуации?,Запрещено,0f78f15e652ec6c7a80c7e8bc69cd08a,ticket_17_8
17.9,af5b0face5ae13d0318fce0a78f3a416,new_mechanic,"Манёвры, полосы и траектории","Отдельная геометрия, параметры роли/ТС, несколько допустимых действий либо режим наблюдения; нужна проверка по исходной картинке",False,,Можно ли Вам выполнить разворот по данной траектории?,"Можно, если ширина проезжей части недостаточна для выполнения маневра из крайнего левого положения",0669a464a8082da2a46edccdd4558b11,
17.10,159d35f7ff679a73cd0ed696f47ed166,new_mechanic,Скорость движения,"Отдельная геометрия, параметры роли/ТС, несколько допустимых действий либо режим наблюдения; нужна проверка по исходной картинке",False,,Разрешается ли водителю движение со слишком малой скоростью?,"Разрешается, если при этом не создаются помехи другим транспортным средствам",,
17.11,55ac3f9f67efded665d3d2e6c33daa48,existing,"Обгон, опережение и встречный разъезд",,False,,Можно ли Вам начать обгон в населённом пункте?,Нельзя,be4116e09d59536b0ba2e32000275eb3,road_17_11
17.12,a1e467acb91b05cc1fc0afd610714f15,new_mechanic,Остановка и стоянка,"Выбор и фиксация места остановки, расстояния до перехода/перекрёстка/остановки, положение автомобиля; иногда календарь или статус ТС",False,,В каком месте на данном участке дороги Вам разрешено поставить автомобиль на длительную стоянку?,Только через 500 м на специальной площадке,d7cd98ef2f80b75430d3888354b4d543,
17.13,c871839f6ef53eaf9f70aea52ed1a1c0,existing,Перекрёстки и приоритет,,False,,Обязаны ли Вы уступить дорогу автобусу?,Обязаны,172e3ccb89e814163168d4f01963b001,ticket_17_13
17.14,7e5563b75926bacbf1e5b9230f44bcbe,existing,Перекрёстки и приоритет,,False,,Вы намерены повернуть налево. Ваши действия?,Уступите дорогу обоим грузовым автомобилям,271363aadf7805f75a3a2fb5309db83a,ticket_17_14
17.15,1822ac76f46db7af1683366f081492a4,existing,Перекрёстки и приоритет,,False,,После въезда на этот перекресток:,"Вы будете иметь преимущество перед легковым автомобилем, въезжающим на него",2f54bd9e30e950139dfe9fa202fa6d36,ticket_17_15
17.16,c04f04be8b54a9043b80b79d99c92590,new_mechanic,"Дворы, жилые зоны и пешеходы","Выбор полосы/трамвайного пути, сигналы трамвая и приоритет в конкретной фазе манёвра",False,,Кто из водителей должен уступить дорогу трамваю?,Никто из водителей,f5e663bc63539df523926b878c850769,
17.17,030b88222f10492a8000935632b32119,new_mechanic,"Буксировка, груз и категория транспорта","Роль/параметры транспорта из вопроса, груз, сцепка и физика прицепа; проверка не по внешнему виду машины",False,,"Можно ли буксировать автомобиль с недействующей тормозной системой, если фактическая масса этого автомобиля превышает половину фактической массы Вашего автомобиля?",Нельзя,,
17.18,f3824d60f2ef6bfadc153f5ebe16916a,not_selected,Другие дорожные ситуации,,False,,"При совершении административного правонарушения, влекущего задержание транспортного средства, оно задерживается до:",Устранения причины задержания,,
17.19,2dc86caab9376fc36694f339ff959935,not_selected,"Буксировка, груз и категория транспорта",,False,,"Как изменяется длина тормозного пути легкового автомобиля при движении с прицепом, не имеющим тормозной системы?",Увеличивается,,
17.20,57f6870bcf31eb1f6270b0787ff86114,not_selected,Другие дорожные ситуации,,False,,В тёмное время суток и в пасмурную погоду скорость встречного автомобиля воспринимается:,"Ниже, чем в действительности",,
18.1,c5b3c0095ed3a680870a294272288ccb,not_selected,Другие дорожные ситуации,,False,,Что означает термин «Обгон»?,"Опережение одного или нескольких транспортных средств, связанное с выездом на полосу (сторону проезжей части), предназначенную для встречного движения, и последующим возвращением на ранее занимаемую полосу (сторону проезжей части)",,
18.2,d5eae6d6baef364c8490e797b3bef069,existing,Дорожные знаки,,True,,Этот дорожный знак предупреждает:,"О приближении к участку дороги, где возможен выброс гравия (щебня) из-под колёс",01f38fb5663e0faba3f49f8268bd9a1d,road_18_2
18.3,4530d0d832ebcf014616981f6b6ec104,new_mechanic,Дорожные знаки,"Отдельная геометрия, параметры роли/ТС, несколько допустимых действий либо режим наблюдения; нужна проверка по исходной картинке",False,,Разрешено ли Вам ставить автомобиль на стоянку в этом месте по четным числам месяца?,Разрешено,414d75d3838abf8463898b052c56b8cb,
18.4,b252f7c40cc7de4a7adc8243eebb2bb1,not_selected,Дорожные знаки,,False,,"Какие из указанных знаков информируют о том, что на данной дороге действуют требования Правил, устанавливающие порядок движения в населённых пунктах?",А и Б,73d83dad405bf9f9ed42d4637e65b9ce,
18.5,d9c395bbc0c46ff31a9a9adc13749143,existing,Разметка и организация полос,,True,,В данной ситуации Вы:,Должны остановиться у стоп-линии,10a274ab099e40365080243b9fdce1cd,ticket_18_5
18.6,b85580b8455c737831e3d1c791d29198,new_mechanic,Светофоры и регулировщики,"Отдельная геометрия, параметры роли/ТС, несколько допустимых действий либо режим наблюдения; нужна проверка по исходной картинке",False,,В каком направлении Вам разрешено движение?,"Прямо, налево и в обратном направлении",86a74963fe21960b481c30d4f15316cb,
18.7,5bb243aef7431cd418b53fa1998f5e26,new_mechanic,Сигналы водителей и аварийное обозначение,"Поворотники игрока, их время включения/выключения, жесты водителей либо установка аварийного знака",False,,Вы намерены остановиться слева у тротуара. В каком случае Вы обязаны включить указатели поворота?,В обоих перечисленных случаях,5076bba07f9a120d06525208a45f48da,
18.8,2617be658bb6737ab73c526cd282d467,existing,"Манёвры, полосы и траектории",,False,,Вам можно продолжить движение:,По траекториям А или В,3a89c941df72d7ba6dadfff35c03e40b,ticket_18_8
18.9,8f551124f9d2162abe209cce761d9513,existing,"Манёвры, полосы и траектории","Сцена по картинке; контроль допустимых направлений и траекторий, а не только конечного выезда",False,,По какой траектории Вы имеете право выполнить разворот?,Только на перекрестке — по траектории А,ed3d718a169c7a7515f31f6994ded365,ticket_18_9
18.10,436379949744538dd8cbb56476fa02db,not_selected,Скорость движения,,False,,В каких из перечисленных случаев разрешается движение в населенных пунктах со скоростью не более 20 км/ч?,Во всех перечисленных случаях,,
18.11,235f0f55e112ee1bcd341b6e9d22cc7f,existing,"Обгон, опережение и встречный разъезд",,False,,Можно ли водителю легкового автомобиля начать обгон?,Нельзя,30c2da37d1fa7b6066d868d270790224,road_18_11
18.12,da8cbbc25b6b1d2a1e73daa86b7d9ea0,new_mechanic,Остановка и стоянка,"Выбор и фиксация места остановки, расстояния до перехода/перекрёстка/остановки, положение автомобиля; иногда календарь или статус ТС",False,,Кто нарушил правила остановки?,Только водитель грузового автомобиля,0ebce77b27ae28cb85b1ef9ead273cac,
18.13,014098be5a4ec93894a054e03e2a5d04,existing,Перекрёстки и приоритет,,False,,Обязаны ли Вы уступить дорогу легковому автомобилю при повороте направо?,Не обязаны,a926e2a439dd3ef6d65198b969d5625d,ticket_18_13
18.14,b1a042b320744714cbef98b7313cf244,existing,Перекрёстки и приоритет,,False,,Вы намерены выполнить разворот. Ваши возможные действия?,Допускаются оба варианта действий,2e09e33eff9895baa99769e1239e883f,ticket_18_14
18.15,145772798a096526e5d2d9b3b01431e3,existing,Перекрёстки и приоритет,,False,,Вы намерены проехать перекрёсток в прямом направлении. В данной ситуации:,Вы имеете право проехать перекресток первым,609b0f853107093d74ec48509823337e,ticket_18_15
18.16,a63be02234f31dea78f2f5acf43fbc06,existing,"Дворы, жилые зоны и пешеходы",,True,,"Обязаны ли Вы уступить дорогу маршрутному транспортному средству, отъезжающему от тротуара, где нет обозначенного места остановки ?",Не обязаны,8dc5731d542ec2b1a792b4ae919793a1,road_18_16
18.17,684038878282fcdcc6615508152f07bf,new_mechanic,"Буксировка, груз и категория транспорта","Роль/параметры транспорта из вопроса, груз, сцепка и физика прицепа; проверка не по внешнему виду машины",False,,Разрешено ли перевозить людей в буксируемом легковом автомобиле?,Разрешено только при буксировке на гибкой или жесткой сцепке,,
18.18,f30ae51375a51d164bfb073921d736a4,not_selected,Другие дорожные ситуации,,False,,За какие административные правонарушения в области дорожного движения предусмотрено наказание в виде обязательных работ?,"За управление транспортным средством водителем, лишенным права управления транспортными средствами",,
18.19,b106f219e0a3da187bdf4f9c18bc8abd,not_selected,Другие дорожные ситуации,,False,,"Как водитель должен воздействовать на педаль управления подачей топлива при возникновении заноса, вызванного резким ускорением движения?",Ослабить нажатие на педаль,,
18.20,8a8bfb3db54b34018794ac2c7639e5aa,not_selected,Другие дорожные ситуации,,False,,В каких случаях следует увеличить боковой интервал?,В обоих перечисленных случаях,,
19.1,c016b781a5d47a61c557adbc1dfc1829,small_extension,Другие дорожные ситуации,"Сцена на существующих моделях; параметры знаков, участников, расстояний и проверка правила из билета",False,,Сколько проезжих частей имеет данная дорога?,Две,1871b903ddd6b18d2bc45133234dd7fa,
19.2,2c2ffb9cc588c3bf92d2ceed2ce5e1e0,new_mechanic,Дорожные знаки,"Отдельная геометрия, параметры роли/ТС, несколько допустимых действий либо режим наблюдения; нужна проверка по исходной картинке",False,,В каком направлении Вам можно продолжить движение на легковом автомобиле?,В любом,c139b008d7f298babdc55bb66733e052,
19.3,04b1a8d935ab3e0efb7dec84e3bdf141,new_mechanic,Дорожные знаки,"Отдельная геометрия, параметры роли/ТС, несколько допустимых действий либо режим наблюдения; нужна проверка по исходной картинке",False,,Разрешено ли осуществлять посадку (высадку) пассажиров либо загрузку (разгрузку) транспортного средства в зоне действия этого знака?,Разрешено,ccd31d35180c583ce32eefa65134cfd3,
19.4,b8284a729a1321406c601282b75bc95b,not_selected,Дорожные знаки,,False,,Какие из указанных знаков разрешают выполнить разворот?,Все,eae8df76f6985c39abbbe3b218236f8f,
19.5,57e370c482206289a3156050685bf636,not_selected,Разметка и организация полос,,False,,"Чем необходимо руководствоваться, если значения дорожных знаков и линий горизонтальной разметки противоречат друг другу?",Требованиями дорожных знаков,,
19.6,2db795b077d4d6be1db9ed2773f910e5,new_mechanic,Спецтранспорт,"Отдельная геометрия, параметры роли/ТС, несколько допустимых действий либо режим наблюдения; нужна проверка по исходной картинке",False,,Как Вы должны поступить в данной ситуации?,Снизить скорость и быть готовым в случае необходимости незамедлительно остановиться,401b32d6422ac7a76bf7588cf75e1a2f,
19.7,c0b30cfafb49c881b96acc51adb74b06,new_mechanic,Сигналы водителей и аварийное обозначение,"Поворотники игрока, их время включения/выключения, жесты водителей либо установка аварийного знака",False,,Когда должна быть прекращена подача сигнала указателями поворота?,Сразу после завершения маневра,,
19.8,1a342f3a407df4c3154abf8c0e739b0c,existing,"Манёвры, полосы и траектории","Сцена по картинке; контроль допустимых направлений и траекторий, а не только конечного выезда",False,,Вам можно выполнить поворот налево:,Только по траектории А,6433c8a4315c9de2ede205e2f3ea9187,ticket_19_8
19.9,ee0e5990842df97eef4aed8a7506ff16,small_extension,"Манёвры, полосы и траектории","Сцена по картинке; контроль допустимых направлений и траекторий, а не только конечного выезда",False,,"Водитель случайно проехал нужный въезд во двор. Разрешено ли в этой ситуации использовать задний ход, чтобы затем повернуть направо?",Разрешено,2d5fb45e4f325d94099db8c39fd400c0,
19.10,dd0383ec40c74757c842c3059403a79e,new_mechanic,Скорость движения,"Многополосная дорога, перестроения участников, ограничения по полосам и/или категории ТС",False,,С какой скоростью Вы имеете право продолжить движение в населённом пункте по левой полосе?,Не менее 40 км/ч и не более 60 км/ч,c98167548f6dad5417b3e5aa77e6db07,
19.11,6fcf9e9e13a2602cfb9273eb8fcf070c,new_mechanic,Разметка и организация полос,"Многополосная дорога, перестроения участников, ограничения по полосам и/или категории ТС",False,,По какой полосе Вам можно продолжить движение в населённом пункте после опережения грузового автомобиля?,По любой,e4f45f7c5c43044accbeda568927b59c,
19.12,f0db713807b683836f871b30b02e7047,new_mechanic,Остановка и стоянка,"Выбор и фиксация места остановки, расстояния до перехода/перекрёстка/остановки, положение автомобиля; иногда календарь или статус ТС",False,,Кто из водителей нарушил правила стоянки?,Только водитель автомобиля Б,46b07099dd98f734c8f6980aeca681ab,
19.13,6e816892a71cd93ee5e905c4355bfdee,existing,Перекрёстки и приоритет,,False,,Вы намерены проехать перекрёсток в прямом направлении. Ваши действия?,"Продолжите движение, уступая дорогу легковому автомобилю",9a24813a3292e581eb60ee0fde93d54c,ticket_19_13
19.14,e17b107b4651ebfd63b330cdd5d3a776,existing,Перекрёстки и приоритет,,False,,Как Вам следует поступить при повороте направо?,Проехать перекрёсток первым,4fc7fcf44288e61dd11e2248f6f3cd79,ticket_19_14
19.15,482eaefb70b2a4832dac632b70810951,not_selected,Перекрёстки и приоритет,,False,,"Если невозможно определить наличие покрытия на дороге (темное время суток, грязь, снег и тому подобное), а знаков приоритета нет, то:","Вы должны считать, что находитесь на второстепенной дороге",,
19.16,21abaf3f3a353c2b05b5f3a8c882c385,existing,"Дворы, жилые зоны и пешеходы",,True,,В данной ситуации Вы:,"Должны уступить дорогу автобусу, начинающему движение от обозначенного места остановки",05ebf1a08d1756e295daad67fe2fa4b4,road_19_16
19.17,5ceda2cdaf64800d6c2b95fb92d2f199,new_mechanic,"Фары, освещение и видимость","Управление световыми приборами, различимость света и видимости в 3D, учёт ночи/тумана/ослепления",False,,"Какие внешние световые приборы должны быть включены в темное время суток и в условиях недостаточной видимости независимо от освещения дороги, а также в тоннелях на буксируемых механических транспортных средствах?",Габаритные огни,,
19.18,378960213bd2ecdc8ab85ea7c6f598d4,not_selected,Другие дорожные ситуации,,False,,"У водителя, совершившего административное правонарушение, водительское удостоверение изымается:",После вступления постановления о лишении права управления транспортными средствами в законную силу,,
19.19,1656362f178c7e8643bfdccec968cd27,not_selected,Другие дорожные ситуации,,False,,"Для прекращения заноса, вызванного торможением, водитель в первую очередь должен:",Прекратить начатое торможение,,
19.20,7c0f4e6c5dc7cef6faffda5db7822f5b,not_selected,Другие дорожные ситуации,,False,,"Что необходимо сделать для извлечения инородного тела, попавшего в дыхательные пути пострадавшего?","Встать сбоку от пострадавшего, поддерживая его одной рукой под грудь, второй рукой наклонить корпус пострадавшего вперед головой вниз. Нанести пять резких ударов основанием ладони в область между лопаток. При отрицательном результате встать сзади, обхватить его обеими руками чуть выше пупка, сцепить свои руки в замок и пять раз резко надавить на область живота в направлении внутрь и кверху.",,
20.1,3a674c947d2095f0e5d2ed079f688887,not_selected,Другие дорожные ситуации,,False,,Какие условия являются обязательными для оформления документа о дорожно-транспортном происшествии (ДТП) без участия уполномоченных на то сотрудников полиции?,Все перечисленные условия,,
20.2,b0c3e008ad80ee5abd88a966bad8c67b,existing,Дорожные знаки,"Сцена на существующих моделях; параметры знаков, участников, расстояний и проверка правила из билета",False,,Можно ли Вам за перекрёстком въехать во двор?,Можно,0c412b262aaa742de73313de9d5cd245,ticket_20_2
20.3,96c5f0f9f2898962f9b6a3d02e65a644,new_mechanic,Дорожные знаки,"Отдельная геометрия, параметры роли/ТС, несколько допустимых действий либо режим наблюдения; нужна проверка по исходной картинке",False,,Разрешается ли Вам остановка за знаком?,Запрещается,caba243f0898a9ed727e68868e95441e,
20.4,b932f2cdf5501d125e2fd603a8b8bbd8,not_selected,Дорожные знаки,,False,,Какие из указанных знаков запрещают дальнейшее движение без остановки?,Б и В,2f384d485a0ebe68e54fc16481e92e43,
20.5,7635641d9406ee6d4b3955d84eeaad75,not_selected,Разметка и организация полос,,False,,"Чем необходимо руководствоваться, если нанесённые на проезжей части белые и оранжевые линии разметки противоречат друг другу?",Оранжевыми линиями разметки,,
20.6,caa010b565514c41a511df05cadd7da5,existing,Светофоры и регулировщики,"Сцена по картинке; контроль допустимых направлений и траекторий, а не только конечного выезда",False,,"Вы намеревались проехать перекрёсток в прямом направлении. Как следует поступить, если Вы не успели заранее перестроиться на левую полосу?",Повернуть направо,2ca11d0dccb59f266b9fb6e526961521,ticket_20_6
20.7,e4c11890e1367756c1bc23d597dc04fe,not_selected,Сигналы водителей и аварийное обозначение,,False,,"Какой знак используется для обозначения транспортного средства при вынужденной остановке в местах, где с учетом условий видимости оно не может быть своевременно замечено другими водителями?",А,b03abac1933f69c66b9737d4644af87c,
20.8,6130f16e6e2ae77450efb6f0c4998e38,new_mechanic,"Манёвры, полосы и траектории","Отдельная геометрия, параметры роли/ТС, несколько допустимых действий либо режим наблюдения; нужна проверка по исходной картинке",False,,Вам можно выполнить поворот налево?,По любой траектории из указанных,3c42fb6a0f6a5a8830b3d205bae7f6c3,
20.9,11869dc41b6e77d55c2e3d34b3a005d4,small_extension,"Манёвры, полосы и траектории","Сцена по картинке; контроль допустимых направлений и траекторий, а не только конечного выезда",False,,Разрешается ли Вам выполнить разворот с заездом во двор задним ходом?,"Разрешается, если при этом не будут созданы помехи другим участникам движения",d378a7ff917731810d151e85331013fb,
20.10,4b84ae562934f9b7681c017fe98f5bf4,not_selected,Разметка и организация полос,,False,,"Укажите расстояние, под которым в Правилах понимается дистанция:",Только Б,86331928deadad76d4d7f10f9a3b4b0f,
20.11,a4beacf74ef3ce64eaa2a68340c86f84,existing,"Обгон, опережение и встречный разъезд",,False,,Можно ли Вам начать обгон грузового автомобиля в данной ситуации?,Нельзя,d4dd33fd3bc937cc4a7afa64f5bf5cac,road_20_11
20.12,530be726bc320d2cbdb970ab6ee5b6f9,new_mechanic,Остановка и стоянка,"Выбор и фиксация места остановки, расстояния до перехода/перекрёстка/остановки, положение автомобиля; иногда календарь или статус ТС",False,,Какой автомобиль разрешено поставить на стоянку указанным на табличке способом?,Только легковой,d5026d02d7f19eb9e5ffb5034c748542,
20.13,e864d1ee6774acf69d5f8b24bcf221b7,existing,Перекрёстки и приоритет,,False,,Кому Вы обязаны уступить дорогу при повороте налево?,Встречному автомобилю и пешеходам,e2b9425804c73c5ca16eb6277d7a44d2,ticket_20_13
20.14,69e32b0a26f5ca5233e683e3aa0b6067,existing,Перекрёстки и приоритет,,False,,При повороте направо Вам следует:,Проехать перекрёсток первым,d7c90e14e7bec22a2c8515b5cc3fd16d,ticket_20_14
20.15,41fe413138ce960636eb45afa5f9814f,existing,Перекрёстки и приоритет,,False,,Кому Вы обязаны уступить дорогу?,Всем транспортным средствам,6213aca51e52eb845a5608a69d366076,ticket_20_15
20.16,bd4f573520417e67f4a9e559f5d4d7cc,existing,Железнодорожные переезды,,True,,В данной ситуации Вы должны остановиться:,У знака «Движение без остановки запрещено»,0eeec7de547a46b1794c4ed0270ae8ef,road_20_16
20.17,3e06d2a0e8d3bec2d10a29e249c73256,new_mechanic,"Фары, освещение и видимость","Управление световыми приборами, различимость света и видимости в 3D, учёт ночи/тумана/ослепления",False,,Противотуманные фары и задние противотуманные фонари могут быть включены одновременно:,В условиях недостаточной видимости,,
20.18,54f45add3112a9b17568d4fcba2bf4ed,not_selected,"Фары, освещение и видимость",,False,,"Какие меры административного принуждения предусмотрены за управление транспортным средством, на котором установлены стекла (в том числе покрытые прозрачными цветными пленками), светопропускание которых не соответствует требованиям технического регламента о безопасности колесных транспортных средств?",Штраф в размере 500 рублей,,
20.19,fadddd0bb3e52ae22fe26516a9793d85,not_selected,Другие дорожные ситуации,,False,,"Как правильно произвести экстренное торможение, если автомобиль оборудован антиблокировочной тормозной системой?",Путем нажатия на педаль тормоза до упора и удерживания ее до полной остановки,,
20.20,4a3ff98c6f1b7a4e4e7c5f3057a476fb,not_selected,Другие дорожные ситуации,,False,,При движении по какому участку дороги действие сильного бокового ветра наиболее опасно?,При выезде с закрытого участка на открытый,,
21.1,bfeb45b418f435b0027fc6e4a9f8ddd6,not_selected,Другие дорожные ситуации,,False,,Разрешается ли водителю пользоваться телефоном во время движения?,"Разрешается только при использовании технического устройства, позволяющего вести переговоры без использования рук",,
21.2,60fea4fbd01056060bb56caf7bf51a7a,small_extension,Дорожные знаки,"Сцена на существующих моделях; параметры знаков, участников, расстояний и проверка правила из билета",False,,"Этот знак предупреждает о приближении к перекрёстку, на котором Вы:","Должны уступить дорогу только транспортным средствам, приближающимся справа",7e9c82a8f35f2de7bf11f6dd3a22a926,
21.3,fdb254f8c7d9d5d56b483138b9860da3,new_mechanic,"Буксировка, груз и категория транспорта","Роль/параметры транспорта из вопроса, груз, сцепка и физика прицепа; проверка не по внешнему виду машины",False,,Продолжить буксировку можно?,Только в направлении А,07d8a6379a82d0cb4a8858a43f6ac4b2,
21.4,b8d75b8eedb937181eb781d1143381d2,not_selected,Дорожные знаки,,False,,Какой из указанных знаков информирует о начале дороги с реверсивным движением?,В,77be4b7ad656fc6e68f2718c412ac5e5,
21.5,e28de80478b175e3b19e4c1f77fb5530,new_mechanic,Разметка и организация полос,"Отдельная геометрия, параметры роли/ТС, несколько допустимых действий либо режим наблюдения; нужна проверка по исходной картинке",False,,Данная вертикальная разметка:,Обозначает бордюры на опасных участках дорог,d79665a72e1fb0b5f05040d35cd4e2a6,
21.6,06fd03743fa4f4ba63a1a23f3a6d811c,new_mechanic,Светофоры и регулировщики,"Реверсивные полосы, состояния светофоров и переход между ними",False,,Разрешено ли Вам за перекрёстком выехать на полосу с реверсивным движением?,Запрещено,fb54243e2bc7d0fa521efeedebc902ee,
21.7,043d643bb464d056209bda5e636b9209,new_mechanic,Сигналы водителей и аварийное обозначение,"Поворотники игрока, их время включения/выключения, жесты водителей либо установка аварийного знака",False,,"Такой сигнал рукой, подаваемый водителем легкового автомобиля, информирует Вас:",О его намерении повернуть налево или выполнить разворот,246b9e4aa52dae7cb8b4ed26216f3d5e,
21.8,9f829716fb2580d2d195e6f9b98e65e1,existing,"Манёвры, полосы и траектории",,True,,При повороте налево для въезда во двор Вы обязаны уступить дорогу:,Пешеходам и велосипедисту,1dd6b687890715e1401c53ffbccace73,ticket_21_8
21.9,2f07d432d0a224b7e2428582c05bd903,small_extension,"Манёвры, полосы и траектории","Сцена на существующих моделях; параметры знаков, участников, расстояний и проверка правила из билета",False,,Движение транспортных средств задним ходом разрешается:,На дорогах с односторонним движением,,
21.10,74cb69122f330dfac8b2f12ac5c74d7d,new_mechanic,Разметка и организация полос,"Выбор полосы/трамвайного пути, сигналы трамвая и приоритет в конкретной фазе манёвра",False,,"Разрешается ли Вам, управляя легковым автомобилем, продолжить движение по трамвайным путям попутного направления?",Запрещается,1517fd90f3391baa0f81dd87d68d740b,
21.11,6599c01f0c6ecae5b89db87f4d108b10,existing,"Обгон, опережение и встречный разъезд",,False,,Вы можете начать обгон:,Непосредственно после переезда,53238441d57b3b4fe3844515985c9173,road_21_11
21.12,889f18745b966f0d7bc25f977e840673,new_mechanic,Остановка и стоянка,"Выбор и фиксация места остановки, расстояния до перехода/перекрёстка/остановки, положение автомобиля; иногда календарь или статус ТС",False,,В каком месте Вам следует поставить автомобиль на стоянку с правой стороны дороги?,Не ближе 5 м от края пересекаемой проезжей части,135c7772caca269ac17e7266b0e467c5,
21.13,5faec87eddbfad14e447f6e5d26ada4a,existing,Перекрёстки и приоритет,,False,,Кому Вы должны уступить дорогу при повороте налево.,Обоим транспортным средствам,ffba0bf110789ce65c59d24e0c517681,ticket_21_13
21.14,ea229a9249d127ca88ccd2a0f1fef07a,existing,Перекрёстки и приоритет,,False,,Вы намерены повернуть налево. Ваши действия?,Проедете перекрёсток последним,f1028c678a0f5114591ae93179594f4b,ticket_21_14
21.15,14178439b95029370567a4a1baec73f9,existing,Перекрёстки и приоритет,,False,,Как Вам следует поступить при движении в прямом направлении?,Проехать перекресток первым,2ff31ee4b65b6293d30eb98390981647,ticket_21_15
21.16,5bf9ea6509e9215ac22644cb3285582e,existing,"Дворы, жилые зоны и пешеходы",,True,,При выезде из жилой зоны необходимо уступить дорогу:,Всем транспортным средствам,,ticket_21_16
21.17,1f51d2c50e642e5829277f6a10db2a1c,not_selected,"Фары, освещение и видимость",,False,,В зоне действия каких знаков Правила разрешают подачу звуковых сигналов только для предотвращения дорожно-транспортного происшествия?,А и Б,89f95d529808e983321e2d65e3bb12fe,
21.18,78919bd5e64e96440f8c41a58cb73f14,not_selected,Другие дорожные ситуации,,False,,"Какие административные наказания предусмотрены за управление транспортным средством, если обязательное страхование гражданской ответственности владельца этого транспортного средства заведомо отсутствует?",Штраф в размере 800 рублей,,
21.19,d1da8cceb97eece49feaf2998f8235fa,not_selected,Другие дорожные ситуации,,False,,"В месте выезда из лесистого участка, где установлен знак «Боковой ветер» Вам следует?",Уменьшить скорость и быть готовым к возможному отклонению автомобиля от заданного курса,13ec3f53b512d18199b2abd748af58b7,
21.20,b08d851a44734f3d001b595860ced618,not_selected,Другие дорожные ситуации,,False,,Каковы признаки кровотечения из крупной артерии и с чего начинается первая помощь при ее ранении?,"Кровь ярко-алого цвета вытекает из раны пульсирующей или фонтанирующей струей. Артерия прижимается пальцами, затем в точках прижатия выше раны, максимально близко к ней, накладывается кровоостанавливающий жгут с указанием в записке времени наложения жгута",,
22.1,8d6890b4ae6486d1eda7a3f65a1e9a6b,small_extension,Другие дорожные ситуации,"Сцена на существующих моделях; параметры знаков, участников, расстояний и проверка правила из билета",False,,Сколько перекрёстков изображено на рисунке?,Один,f21b81e234f1ca7345a387e45d7a7bb2,
22.2,2d2de3f576140f8658fdd6219464789d,not_selected,Дорожные знаки,,False,,Какие из предупреждающих и запрещающих знаков являются временными?,"Имеющие желтый фон, а также установленные на переносных опорах",,
22.3,43bcfb4709af3a4c5c549e02430b3169,small_extension,Дорожные знаки,"Сцена на существующих моделях; параметры знаков, участников, расстояний и проверка правила из билета",False,,Как Вы должны поступить в данной ситуации?,Остановиться через 300 м у таможни,3843592ae9229f3bfbe1fe98184106cf,
22.4,0fa4712a556e14c6e633a42bc5caced7,new_mechanic,Дорожные знаки,"Отдельная геометрия, параметры роли/ТС, несколько допустимых действий либо режим наблюдения; нужна проверка по исходной картинке",False,,Что означают эти дорожные знаки?,"Стоянка разрешена в субботние, воскресные и праздничные дни",48011958d07fe959ef4e72d9ee9ac4ac,
22.5,8ad989184830ea856e0f486bb7291cb2,new_mechanic,Разметка и организация полос,"Отдельная геометрия, параметры роли/ТС, несколько допустимых действий либо режим наблюдения; нужна проверка по исходной картинке",False,,"Допускается ли пересекать сплошную линию разметки, обозначающую край проезжей части?","Допускается для остановки на обочине и при выезде с нее только в местах, где разрешена остановка или стоянка",,
22.6,c9243a942dcca6943e24b6c44968ccdb,new_mechanic,Спецтранспорт,"Отдельная геометрия, параметры роли/ТС, несколько допустимых действий либо режим наблюдения; нужна проверка по исходной картинке",False,,В данной ситуации водитель автомобиля с включенными проблесковыми маячками:,Может двигаться в любом направлении,60576ad098e1256f40f78f971738c9ad,
22.7,9e90595d3479ca4f87cfbf95312da7ea,new_mechanic,Сигналы водителей и аварийное обозначение,"Поворотники игрока, их время включения/выключения, жесты водителей либо установка аварийного знака",False,,Обязаны ли Вы в данной ситуации включить указатели левого поворота?,Обязаны,f713876149d9bf8f88fb53682357348f,
22.8,f138f2d78060ee34ddaa4aea06ac6b7b,existing,"Манёвры, полосы и траектории","Сцена по картинке; контроль допустимых направлений и траекторий, а не только конечного выезда",False,,По какой траектории Вам можно выполнить поворот налево?,Только по Б,f4bc800015e352a0fe4da2a3c3aed466,ticket_22_8
22.9,90ad7ea14a576825c99e52345b847cdf,new_mechanic,"Манёвры, полосы и траектории","Новая геометрия и область применения правила: мост, тоннель, уклон или ограниченный обзор",False,,Разрешено ли водителю движение задним ходом на путепроводе для посадки пассажира?,Запрещено,4f47670b39a068656f8884a8f8c10107,
22.10,87ce63659dc2b758dd508f34c98adc0a,new_mechanic,Разметка и организация полос,"Выбор полосы/трамвайного пути, сигналы трамвая и приоритет в конкретной фазе манёвра",False,,Разрешается ли использовать для движения трамвайные пути встречного направления?,Запрещается,,
22.11,45333ae163e293d813118b96f53175da,small_extension,Железнодорожные переезды,"Сцена на существующих моделях; параметры знаков, участников, расстояний и проверка правила из билета",False,,"Какие ограничения, относящиеся к обгону, действуют на железнодорожных переездах и вблизи них?",Обгон запрещён на переезде и ближе чем за 100 м перед ним,,
22.12,713c43bbf072c8d1852e8fa836ac9d39,new_mechanic,Остановка и стоянка,"Выбор и фиксация места остановки, расстояния до перехода/перекрёстка/остановки, положение автомобиля; иногда календарь или статус ТС",False,,Разрешено ли водителю грузового автомобиля остановиться в этом месте?,Разрешено,f5896207879e71211e2b149210a15174,
22.13,52926c703ad2f4a1a9d393fb5452b723,existing,Перекрёстки и приоритет,,False,,Вы намерены повернуть налево. Ваши действия?,Выполните маневр без остановки на перекрестке,c0350d150566247cda0fe38265910249,ticket_22_13
22.14,e55e5a2b43963a7103cb95f06b502242,new_mechanic,Перекрёстки и приоритет,"Выбор полосы/трамвайного пути, сигналы трамвая и приоритет в конкретной фазе манёвра",False,,В каком случае Вы должны уступить дорогу трамваю?,В обоих перечисленных случаях,d81d448331c17eeeda60ac25ef5d955c,
22.15,0d96bb9fdd652d8374191502428318f3,new_mechanic,Перекрёстки и приоритет,"Несколько допустимых маршрутов, ожидание внутри перекрёстка, смена сигнала либо режим наблюдения за другими участниками",False,,Вы намерены повернуть направо. Можете ли Вы приступить к повороту?,"Можете, когда убедитесь, что при этом не будут созданы помехи грузовому автомобилю",03f046ba3450f74d69f1c2fd20cc277f,
22.16,0ff67e40ef9f950b7df0eb014602542a,new_mechanic,"Дворы, жилые зоны и пешеходы","Отдельная геометрия, параметры роли/ТС, несколько допустимых действий либо режим наблюдения; нужна проверка по исходной картинке",False,,Водители должны уступать дорогу другим участникам движения:,В обоих перечисленных случаях,,
22.17,305d5beeeb13c1acb0e434bf92ea1081,not_selected,"Фары, освещение и видимость",,False,,Какие внешние световые приборы следует включать на мотоцикле в светлое время суток?,Фару ближнего света или противотуманную фару,,
22.18,96ebbfa1bd6880245d45ff9b21e9d5c7,not_selected,"Фары, освещение и видимость",,False,,"При каком минимальном значении светопропускания ветрового стекла и стёкол, через которые обеспечивается передняя обзорность для водителя (за исключением оснащённых броневой защитой), разрешается эксплуатация транспортных средств?",70 процентов,,
22.19,313b35a9339b10c665f7569ed610b9e3,not_selected,Другие дорожные ситуации,,False,,При каком стиле вождения будет обеспечен наименьший расход топлива?,При плавном ускорении и плавном замедлении,,
22.20,b2e2eb60f400f1196263e1e2895d7714,not_selected,Другие дорожные ситуации,,False,,"Если во время движения по сухой дороге с асфальтобетонным покрытием начал моросить дождь, водителю следует:",Уменьшить скорость и быть особенно осторожным,,
23.1,d6378c5bddd1d7d45347aaef5c39b75c,small_extension,Другие дорожные ситуации,"Сцена на существующих моделях; параметры знаков, участников, расстояний и проверка правила из билета",False,,Сколько пересечений проезжих частей имеет этот перекрёсток?,Два,74b185800c36d3b6228f4bc0dfbad844,
23.2,a31a93feaf20cb7b8e22d9517bfc8691,small_extension,Дорожные знаки,"Сцена на существующих моделях; параметры знаков, участников, расстояний и проверка правила из билета",False,,Данный дорожный знак:,Предупреждает Вас о приближении к месту пересечения с трамвайной линией,5c9712e0ce29dcfa5a66f316de8382b0,
23.3,53f2f59003f956e111d79ee5f848761a,new_mechanic,Дорожные знаки,"Отдельная геометрия, параметры роли/ТС, несколько допустимых действий либо режим наблюдения; нужна проверка по исходной картинке",False,,Эти знаки обязывают соблюдать дистанцию:,Не менее 70 м на протяжении 100 м,08ce3d58f673e7f662a6d9c06de7a9c9,
23.4,20709fa7c03808dd034feb05bdfefc36,new_mechanic,Дорожные знаки,"Отдельная геометрия, параметры роли/ТС, несколько допустимых действий либо режим наблюдения; нужна проверка по исходной картинке",False,,В каких направлениях Вам разрешено продолжить движение:,Прямо или налево,14d625173f147d87b21123ff143ab856,
23.5,24720e946d8800902286987ee59d35b7,new_mechanic,Разметка и организация полос,"Отдельная геометрия, параметры роли/ТС, несколько допустимых действий либо режим наблюдения; нужна проверка по исходной картинке",False,,Разрешается ли Вам поставить автомобиль на стоянку в этом месте?,Запрещается,f0786637b0a0eded6f0b89858be4f026,
23.6,2994ed3dc6769516fa65bf95d3523048,small_extension,Светофоры и регулировщики,Сцена по картинке; нужное состояние/мигание светофора или поза регулировщика и разрешение начать движение,False,,Вам можно продолжить движение:,Только по траектории Б,1b1b13b54e45b710fdf0dfb250ff892c,
23.7,d963598de0ba5f0b0da32670569e87e5,new_mechanic,Сигналы водителей и аварийное обозначение,"Поворотники игрока, их время включения/выключения, жесты водителей либо установка аварийного знака",False,,"Обязан ли водитель подавать сигналы указателями поворота при начале движения в жилой зоне, обозначенной соответствующим знаком?",Обязан,,
23.8,97af027edf5b74eb7fd25f9082223216,small_extension,"Манёвры, полосы и траектории","Сцена по картинке; контроль допустимых направлений и траекторий, а не только конечного выезда",False,,По какой траектории Вам разрешено продолжить движение?,Только по А,400b6e6e38f6ca4e3c818f7dffe4074b,
23.9,98e663d9e71d48aea7658d3add0b8c6d,new_mechanic,"Манёвры, полосы и траектории","Отдельная геометрия, параметры роли/ТС, несколько допустимых действий либо режим наблюдения; нужна проверка по исходной картинке",False,,На этом участке дороги Вам запрещается:,Только перестроение на левую полосу с последующей остановкой на обочине,b897850c898749bf9318888c7a2f84f8,
23.10,78af1d3df54a13904b712d8554e5f718,new_mechanic,Разметка и организация полос,"Выбор полосы/трамвайного пути, сигналы трамвая и приоритет в конкретной фазе манёвра",False,,Разрешается ли Вам выехать на трамвайные пути встречного направления в данной ситуации?,Запрещается,bc2d9bc1134da560e69026519debee4f,
23.11,961bfb23c16fa63c832ccca03cabf84a,new_mechanic,"Обгон, опережение и встречный разъезд","Отдельная геометрия, параметры роли/ТС, несколько допустимых действий либо режим наблюдения; нужна проверка по исходной картинке",False,,В данной ситуации Вы:,"Имеете право проехать первым, так как Вы движетесь на подъем",e652931cb78ed7925703d4d13b813e1d,
23.12,3bd5fde76ae3cc923aa131a822a04c36,new_mechanic,Остановка и стоянка,"Выбор и фиксация места остановки, расстояния до перехода/перекрёстка/остановки, положение автомобиля; иногда календарь или статус ТС",False,,На каком расстоянии от знака Вам разрешено поставить автомобиль на стоянку?,Не менее 15 м,011c87847a6e97caf914b64e369dcc10,
23.13,9bcb772941579769fea4240d333a85ac,existing,Перекрёстки и приоритет,,False,,"Как следует поступить в этой ситуации, если Вам необходимо повернуть направо?","Повернуть направо, уступив дорогу пешеходам",b31567d201933f7a654ffa51951f3c60,ticket_23_13
23.14,bb6072d144f614f9e1f5f860ad8b64c0,existing,Перекрёстки и приоритет,,False,,Вы намерены проехать перекрёсток в прямом направлении. В данной ситуации:,Вы имеете право проехать перекресток первым,55c56f2a24223c48a426dbe65d07e5dc,ticket_23_14
23.15,1d5e655583f8405445497ef4e373949e,existing,Перекрёстки и приоритет,,False,,Кому Вы обязаны уступить дорогу при повороте налево?,Только автобусу,a8966c5a12e4f0d1b72cbfefc7864d74,ticket_23_15
23.16,60ecc976d362530660ba5daf9865000d,new_mechanic,Остановка и стоянка,"Выбор и фиксация места остановки, расстояния до перехода/перекрёстка/остановки, положение автомобиля; иногда календарь или статус ТС",False,,Кто из водителей правильно остановился для высадки пассажиров?,Только водитель автомобиля А,94066ff9d7afccd4349557d092cad23e,
23.17,9f794646f5aa73c955533a26d1227aec,new_mechanic,"Фары, освещение и видимость","Управление световыми приборами, различимость света и видимости в 3D, учёт ночи/тумана/ослепления",False,,В каком случае при движении в светлое время суток недостаточно включения дневных ходовых огней?,В обоих перечисленных случаях,,
23.18,4588efaa5a8e8df19e69fad27251a5f0,not_selected,Другие дорожные ситуации,,False,,"Что требуется для возврата водительского удостоверения после истечения срока лишения права управления, назначенного за оставление водителем в нарушение Правил дорожного движения места дорожно-транспортного происшествия, участником которого он являлся?",Проверка знания водителем Правил дорожного движения и уплата наложенных на него штрафов за административные правонарушения в области дорожного движения,,
23.19,9962394ed588b26beb9b4db1daeb02d6,not_selected,Другие дорожные ситуации,,False,,Чем опасно длительное торможение с выключенными передачей или сцеплением на крутом спуске?,Перегреваются тормозные механизмы и уменьшается эффективность торможения,,
23.20,231bdd8797092d819b0cdf318e2bda42,not_selected,Другие дорожные ситуации,,False,,Как изменяется поле зрения водителя с увеличением скорости движения?,Сужается,,
24.1,858966b74dff8ee4531576bc6c241c8f,not_selected,Другие дорожные ситуации,,False,,"При движении на легковом автомобиле, оборудованном ремнями безопасности, должны быть пристегнуты:","Все лица, находящиеся в автомобиле",,
24.2,b44867ebd9b89c2b8f76ec7e514a0b3b,existing,Дорожные знаки,,True,,Эти знаки предупреждают Вас:,О наличии через 150-300 м железнодорожного переезда без шлагбаума,631d3afad585bffe711b66e5fddada39,road_24_2
24.3,5769b35cac7ac0b66c00e3abaa9e0d81,new_mechanic,Дорожные знаки,"Отдельная геометрия, параметры роли/ТС, несколько допустимых действий либо режим наблюдения; нужна проверка по исходной картинке",False,,Разрешено ли Вам поставить автомобиль на стоянку в этом месте?,Разрешено,a2fcbea6a62bcff922fa836fea1693fa,
24.4,3a013b8ad2617f396fb9502dd597f2e0,not_selected,Дорожные знаки,,False,,"Какие из указанных знаков обязывают водителя грузового автомобиля с разрешённой максимальной массой не более 3,5 т повернуть направо?",Только Б,d41c048623078f021dd8c9088f8b92d7,
24.5,b660d2850691b730ef4c2875542f76d2,new_mechanic,Разметка и организация полос,"Отдельная геометрия, параметры роли/ТС, несколько допустимых действий либо режим наблюдения; нужна проверка по исходной картинке",False,,Данная разметка обозначает:,Искусственную неровность на проезжей части,3b49531f6a161048641538ecf6469485,
24.6,712bf5cf673e05d4113df3756f4d9809,small_extension,Светофоры и регулировщики,Сцена по картинке; нужное состояние/мигание светофора или поза регулировщика и разрешение начать движение,False,,Что означает мигание жёлтого сигнала светофора?,Разрешает движение и информирует о наличии нерегулируемого перекрёстка или пешеходного перехода,,
24.7,632584debd56f368e78c4f8ca3bad3ca,new_mechanic,Сигналы водителей и аварийное обозначение,"Поворотники игрока, их время включения/выключения, жесты водителей либо установка аварийного знака",False,,"Какую ошибку совершает водитель, въезжающий во двор?","Поворачивает, не включив указатели поворота",6990f25d7841de055ce96398249f4608,
24.8,7df480a87286bf1d2ab008f718bb3389,new_mechanic,"Манёвры, полосы и траектории","Отдельная геометрия, параметры роли/ТС, несколько допустимых действий либо режим наблюдения; нужна проверка по исходной картинке",False,,Должны ли Вы уступить дорогу грузовому автомобилю в данной ситуации?,Не должны,265d85a402e37d1bedf446609aaa161b,
24.9,d3e142c6ed6beed5a5932c97a61b3f43,existing,"Манёвры, полосы и траектории","Сцена по картинке; контроль допустимых направлений и траекторий, а не только конечного выезда",False,,Разрешается ли Вам выполнить разворот?,Разрешается только по траектории А,98bb5a44d6b1c4bed7c35142f80aa529,ticket_24_9
24.10,2aaad977776d463acd527d72291df2a9,new_mechanic,Скорость движения,"Отдельная геометрия, параметры роли/ТС, несколько допустимых действий либо режим наблюдения; нужна проверка по исходной картинке",False,,"С какой максимальной скоростью Вы имеете право продолжить движение вне населенных пунктов на грузовом автомобиле с разрешенной максимальной массой не более 3,5 т?",90 км/ч,ae0505a16e8e36975ab06f95b77a4d81,
24.11,1d52692921a28e842e2d845e3feda5bf,existing,"Обгон, опережение и встречный разъезд",,False,,Разрешено ли Вам выполнить обгон?,Запрещено,483263b8c13098038fad18d177e445c4,road_24_11
24.12,592c5535461a8d7a15d496c3d5862a0e,duplicate,Остановка и стоянка,,False,5.12,Кто из водителей нарушил правила стоянки?,Только водитель автомобиля А,456767f8b2e0d39f83d8f9f1b2a378da,
24.13,146088d5175a074ae78866a5612345c6,existing,Перекрёстки и приоритет,,False,,При повороте налево Вы:,Должны уступить дорогу обоим транспортным средствам,a0ac702b0430446f60c262f6e2aad8df,ticket_24_13
24.14,da7c339f03e802195e0af390392344ce,not_selected,Перекрёстки и приоритет,,False,,"Кто имеет право проехать перекресток первым, если все намерены двигаться прямо?",В данной ситуации очередность проезда определяется по взаимной договоренности водителей,439878247018b0b34c94b094d4e3571a,
24.15,6c360566318370e59200ff5570da9de1,new_mechanic,Перекрёстки и приоритет,"Несколько допустимых маршрутов, ожидание внутри перекрёстка, смена сигнала либо режим наблюдения за другими участниками",False,,В каком случае Вы обязаны уступить дорогу пешеходам?,В обоих случаях,f80f84b081eb9e390b209e0010db4bbc,
24.16,6dbba7c5de8e0e0102f9a1836c89afb2,existing,Железнодорожные переезды,,True,,В данной ситуации Вы должны остановиться:,Не ближе 5 м от светофора или шлагбаума,a533d003b8ad156bbf3a08a586baca43,road_24_16
24.17,a09fa579901747647ba1e46ca2360855,new_mechanic,"Фары, освещение и видимость","Управление световыми приборами, различимость света и видимости в 3D, учёт ночи/тумана/ослепления",False,,На каком расстоянии до встречного транспортного средства следует переключать дальний свет фар на ближний?,Не менее чем за 150 м,,
24.18,98969057fafef947fd9ac7a3d691c36e,not_selected,Другие дорожные ситуации,,False,,В каком случае разрешается эксплуатация легкового автомобиля?,Не работает указатель температуры охлаждающей жидкости,,
24.19,249591c9328ceabc21144eff04eaade5,not_selected,Другие дорожные ситуации,,False,,"Что следует сделать водителю, чтобы предотвратить возникновение заноса при проезде крутого поворота?","Перед поворотом снизить скорость, при необходимости включить пониженную передачу, а при проезде поворота не увеличивать резко скорость и не тормозить",,
24.20,c48997ab3575a48e29ad3bb3fb8bee77,not_selected,Другие дорожные ситуации,,False,,Разрешено ли давать пострадавшему лекарственные средства при оказании ему первой помощи?,Запрещено,,
25.1,c9ab952375a74b4767b1c80faa3d81ff,not_selected,Другие дорожные ситуации,,False,,На каком рисунке изображена дорога с разделительной полосой?,На обоих,b8016524f7883eab87a1055d157df559,
25.2,1879397cafb687b2e594fac27abf4368,new_mechanic,Дорожные знаки,"Отдельная геометрия, параметры роли/ТС, несколько допустимых действий либо режим наблюдения; нужна проверка по исходной картинке",False,,"Вам разрешено продолжить движение на грузовом автомобиле с разрешенной максимальной массой не более 3,5 т:",Во всех направлениях,d4f677829faedd4457fc971be0acfc79,
25.3,378fb563f908b70a43e939b69390f063,not_selected,Дорожные знаки,,False,,"Какие из указанных знаков отменяют все ограничения, введённые ранее запрещающими знаками?",Только В,73cb4fcbc7b19ba0f8a08e2f28c3b627,
25.4,3bf37620f061d6e9d1578b4939bdbb20,new_mechanic,Дорожные знаки,"Отдельная геометрия, параметры роли/ТС, несколько допустимых действий либо режим наблюдения; нужна проверка по исходной картинке",False,,"Этот знак указывает, что:",На пересекаемой дороге организовано реверсивное движение,43c8ce4013a2dbe0886a3eef837278c5,
25.5,47ccf276664a128954065ef61a7a3991,new_mechanic,Разметка и организация полос,"Отдельная геометрия, параметры роли/ТС, несколько допустимых действий либо режим наблюдения; нужна проверка по исходной картинке",False,,Какой маневр Вам запрещается выполнить при наличии данной линии разметки?,Разрешаются все перечисленные маневры,cb0d50cc6d43aa4f484c589ae1ba0677,
25.6,1d11c180ca88789989742cc41fed3022,new_mechanic,Светофоры и регулировщики,"Отдельная геометрия, параметры роли/ТС, несколько допустимых действий либо режим наблюдения; нужна проверка по исходной картинке",False,,Сигналы такого светофора распространяются:,"На трамваи, а также другие транспортные средства, движущиеся по полосе для маршрутных транспортных средств",db5a181413cacf4720bf4f9d6db9b18f,
25.7,cdcd81894d611369779ffd8f740425dc,new_mechanic,Сигналы водителей и аварийное обозначение,"Поворотники игрока, их время включения/выключения, жесты водителей либо установка аварийного знака",False,,Обязаны ли Вы включить указатели поворота в данной ситуации?,Обязаны,8dcad54c06148fbc02af406d9b35d7e7,
25.8,817090ed729b5f85e18039159fd22e48,new_mechanic,"Манёвры, полосы и траектории","Отдельная геометрия, параметры роли/ТС, несколько допустимых действий либо режим наблюдения; нужна проверка по исходной картинке",False,,Кто должен уступить дорогу?,Водитель грузового автомобиля,b95d27c6cd83436b637c2c4275d7841c,
25.9,5aecb82ecc62fdbc9cbb38da332c7ffe,small_extension,"Манёвры, полосы и траектории","Сцена на существующих моделях; параметры знаков, участников, расстояний и проверка правила из билета",False,,"Водитель случайно проехал перекрёсток. Разрешено ли ему в этой ситуации использовать задний ход, чтобы затем продолжить движение налево?",Запрещено,7d95c7e6c210f8819ac26e23be0d98fb,
25.10,23a5f6a3e229490930b1f271980d3fd1,not_selected,Скорость движения,,False,,Каким автомобилям и в каких случаях разрешается движение вне населенных пунктов со скоростью не более 90 км/ч?,Всем перечисленным автомобилям в указанных случаях,,
25.11,590d83686b1575d0cc4988abc1cf8d72,new_mechanic,"Обгон, опережение и встречный разъезд","Отдельная геометрия, параметры роли/ТС, несколько допустимых действий либо режим наблюдения; нужна проверка по исходной картинке",False,,Можно ли Вам выполнить обгон?,Нельзя,be407463566c8ada84f21a8b64614bdc,
25.12,fc6178a44afea0f9b27abd3554c85a3c,new_mechanic,Остановка и стоянка,"Выбор и фиксация места остановки, расстояния до перехода/перекрёстка/остановки, положение автомобиля; иногда календарь или статус ТС",False,,Разрешена ли остановка в этом месте?,Запрещена,6328042eed06e2a17c8354741aafb562,
25.13,11f95f78b08a1345c915bf497456c7a7,not_selected,Перекрёстки и приоритет,,False,,Значения каких дорожных знаков отменяются сигналами светофора?,Знаков приоритета,,
25.14,19b4650f7767ad3e821804e9d30435a5,existing,Перекрёстки и приоритет,,False,,При повороте направо Вы должны уступить дорогу:,Пешеходам и велосипедисту,dbf478a372fce6b2dde05c10f72f7986,ticket_25_14
25.15,6387787456d1a6601771764b2e486d60,existing,Перекрёстки и приоритет,,False,,Вы намерены повернуть налево. Кому Вы обязаны уступить дорогу?,Только легковому автомобилю,dac4ba131120d6ad409d6cc081cb2b01,ticket_25_15
25.16,8c70cfbd4c17574f4ce71f69a2e6b603,existing,Железнодорожные переезды,,True,,Как Вам следует поступить в данной ситуации?,"Остановиться перед знаком и продолжить движение, убедившись в отсутствии приближающегося поезда",d1e953c443ffa8d0aa46d6c557681410,road_25_16
25.17,b3410d5fdd6d2cfd0ad7809c42f67d23,new_mechanic,"Фары, освещение и видимость","Управление световыми приборами, различимость света и видимости в 3D, учёт ночи/тумана/ослепления",False,,Привлечь внимание водителя обгоняемого автомобиля при движении в населенном пункте в светлое время суток можно:,Только кратковременным переключением фар с ближнего света на дальний,,
25.18,ec024c6750b93a487059355d964fda6f,not_selected,Другие дорожные ситуации,,False,,В каком случае запрещается эксплуатация транспортного средства?,Звуковой сигнальный прибор неисправен,,
25.19,a9abe4631ca18a998d99fcb341100dd3,not_selected,Другие дорожные ситуации,,False,,Как зависит величина тормозного пути транспортного средства от скорости движения?,Увеличивается пропорционально квадрату скорости,,
25.20,4e0dcbe072a42be48a6507785d85515a,not_selected,Другие дорожные ситуации,,False,,Как остановить кровотечение при ранении вены и некрупных артерий?,Наложить давящую повязку на место ранения,,
26.1,2b4204ce76137314e5b0c9de032d3625,not_selected,Другие дорожные ситуации,,False,,Выезд из двора или с другой прилегающей территории:,Не считается перекрёстком,798241b467ec954532c8b0e1d84e356c,
26.2,0ab8995500fd54b7637f415ea9bf7f09,not_selected,Дорожные знаки,,False,,Какие из указанных знаков требуют обязательной остановки?,Только Б,2e56c6db7594eff576f9a5dec45a721c,
26.3,ec4b9b048b8dc024aaf4ccf3cae26474,new_mechanic,Дорожные знаки,"Отдельная геометрия, параметры роли/ТС, несколько допустимых действий либо режим наблюдения; нужна проверка по исходной картинке",False,,В зоне действия этого знака разрешается использовать звуковой сигнал:,Только для предотвращения дорожно-транспортного происшествия,87685eb695b03213dd555ad6b3ccdbbc,
26.4,47e3b0aa786c167b7a903d369f545787,not_selected,Дорожные знаки,,False,,"Где начинают действовать требования Правил, относящиеся к населённым пунктам?",Только с места установки дорожного знака «Начало населенного пункта» на белом фоне,,
26.5,ea17eb2d232982b5009f4ec4a2192f40,new_mechanic,Разметка и организация полос,"Отдельная геометрия, параметры роли/ТС, несколько допустимых действий либо режим наблюдения; нужна проверка по исходной картинке",False,,Такой вертикальной разметкой обозначают боковые поверхности ограждений:,"Только на участках дорог, не относящихся к опасным",6c4eb3a815de248dcac552673a74f8cc,
26.6,788f174b613b9b16d7118fed2be75b18,small_extension,Железнодорожные переезды,Сцена по картинке; нужное состояние/мигание светофора или поза регулировщика и разрешение начать движение,False,,"Что означают красный мигающий сигнал или два попеременно мигающих красных сигнала светофора, установленного на железнодорожном переезде?",Движение запрещено,,
26.7,6fb2272d6086b9b0387783e1d46aa3a7,new_mechanic,Сигналы водителей и аварийное обозначение,"Поворотники игрока, их время включения/выключения, жесты водителей либо установка аварийного знака",False,,Какие световые сигналы Вы обязаны подать в данной ситуации?,Включить световые указатели поворота налево,4d340b98b19edf9a412eb8edbdb1f8b3,
26.8,9efe1680c2569184513bcdc684eb56ac,new_mechanic,"Манёвры, полосы и траектории","Многополосная дорога, перестроения участников, ограничения по полосам и/или категории ТС",False,,В каких направлениях Вам можно продолжить движение по второй полосе?,Налево и в обратном направлении,2d04d27d365512103ddad984b4117ebd,
26.9,e0edbc064114032f98e685fd192aaf24,existing,"Манёвры, полосы и траектории","Сцена по картинке; контроль допустимых направлений и траекторий, а не только конечного выезда",False,,Разрешен ли Вам разворот в этом месте?,Запрещен,998b91ea9075063c5f458d6cf9cccde5,road_26_9
26.10,ee3567b43c0859a83a4927c88643c645,new_mechanic,Разметка и организация полос,"Отдельная геометрия, параметры роли/ТС, несколько допустимых действий либо режим наблюдения; нужна проверка по исходной картинке",False,,По какой траектории Вы имеете право продолжить движение?,Только по Б,8a7f321647d18707691b7fe16a2c19ea,
26.11,4e8f61c4614ea78593cb08f8f9c46447,not_selected,"Обгон, опережение и встречный разъезд",,False,,Разрешён ли обгон на перекрёстках?,Разрешается только при движении по главной дороге на нерегулируемых перекрестках,,
26.12,366eafa6251f44f2c1f4425d8956953c,new_mechanic,Остановка и стоянка,"Выбор и фиксация места остановки, расстояния до перехода/перекрёстка/остановки, положение автомобиля; иногда календарь или статус ТС",False,,Водители каких автомобилей нарушили правила остановки?,Автомобилей Б и В,954888c8014645dbdb8290d439383030,
26.13,bc3e083f0f6f056f77f94d894b17dade,existing,Перекрёстки и приоритет,,False,,Вы намерены повернуть налево. Ваши действия?,"Выехав на перекрёсток, остановитесь у стоп-линии и, дождавшись зелёного сигнала светофора, установленного на разделительной полосе, завершите маневр",068a391fe8fe07c3de454f8df5efbaa4,ticket_26_13
26.14,2aa4bcc0a792c0f8c966d9aa82646db9,existing,Перекрёстки и приоритет,,False,,Кому Вы должны уступить дорогу при повороте налево ?,Обоим транспортным средствам,cd6454ff0ec01fa4dfa7f85edc6f9007,ticket_26_14
26.15,a25bfae6f7d0801513bb98210e2ce440,existing,Перекрёстки и приоритет,,False,,При движении прямо Вы обязаны уступить дорогу:,Автобусу и легковому автомобилю,72178b1dab14656d6329fa3204b6289f,ticket_26_15
26.16,999727ea0a93d5f3e7c17e86c951a790,new_mechanic,"Дворы, жилые зоны и пешеходы","Отдельная геометрия, параметры роли/ТС, несколько допустимых действий либо режим наблюдения; нужна проверка по исходной картинке",False,,"Где необходимо остановиться, если сразу за пешеходным переходом образовался затор?",Непосредственно перед пешеходным переходом,,
26.17,578e5b70f3ad5dd8e8a583548a92d1b8,new_mechanic,Другие дорожные ситуации,"Отдельная геометрия, параметры роли/ТС, несколько допустимых действий либо режим наблюдения; нужна проверка по исходной картинке",False,,"На каком рисунке изображён автомобиль, водитель которого нарушает правила перевозки грузов?",Только на А,756f4d1d9901c964ccab3b4230cd4bbd,
26.18,f7dbf4159e9b8f75e64f6394347edfb3,not_selected,Другие дорожные ситуации,,False,,В каком случае запрещается эксплуатация транспортных средств?,Системы питания и выпуска отработавших газов некомплектны и негерметичны,,
26.19,6a6d764b8978e8b0d2108868c597fc4f,not_selected,Другие дорожные ситуации,,False,,"Уменьшение тормозного пути транспортного средства, не оборудованного антиблокировочной тормозной системой, достигается:",Путем прерывистого нажатия на педаль тормоза,,
26.20,4ccb8ce62e426d6ee62eb435bf9cdf91,not_selected,Другие дорожные ситуации,,False,,"Минимальной величиной необходимой дистанции при движении по сухой дороге на легковом автомобиле принято считать расстояние, которое автомобиль проедет не менее чем за:",2 секунды,,
27.1,ba2a2d67de14def0fec0f73a21c9023a,not_selected,Другие дорожные ситуации,,False,,"Если в результате дорожно-транспортного происшествия (ДТП) вред причинен только имуществу, то, предварительно зафиксировав положение транспортных средств по отношению друг другу и объектам дорожной инфраструктуры, следы и предметы, относящиеся к ДТП, повреждения транспортных средств, водитель, причастный к ДТП:","Обязан освободить проезжую часть, если движению других транспортных средств создается препятствие",,
27.2,4ebee9655805bc6fde97e71fe02909c3,not_selected,Дорожные знаки,,False,,Какие из указанных знаков используются для обозначения границ искусственной неровности?,Только А,6e00c765e08f27fb105ffafa1f8b87cb,
27.3,afb406746889ac8af09848826be02580,new_mechanic,Дорожные знаки,"Отдельная геометрия, параметры роли/ТС, несколько допустимых действий либо режим наблюдения; нужна проверка по исходной картинке",False,,В данной ситуации остановка:,Запрещена,92c47bbf0ca878640288b11f11a663ad,
27.4,ede98db81e7fd416922e15074c6a517b,new_mechanic,Дорожные знаки,"Многополосная дорога, перестроения участников, ограничения по полосам и/или категории ТС",False,,"Управляя каким автомобилем, можно осуществить опережение в данной ситуации?","Легковым или грузовым с разрешенной максимальной массой не более 3,5 т",21ff4a0e43bb54ae4908b363ee8d830e,
27.5,173ab7781d1cd909fa94e5efbefde166,small_extension,Разметка и организация полос,"Сцена на существующих моделях; параметры знаков, участников, расстояний и проверка правила из билета",False,,Что обозначает эта разметка:,Разрешённую максимальную скорость движения на данном участке дороги,21d1dbdca228cf2c864a76c875534f4d,
27.6,15e7883f5c9d6c2daad3fdff9b99cdc8,not_selected,Светофоры и регулировщики,,False,,"Чем должны руководствоваться участники дорожного движения, если указания регулировщика противоречат значениям сигналов светофоров и требованиям дорожных знаков?",Указаниями регулировщика,,
27.7,30ce8a93cdfab5aa195cc7799394b145,new_mechanic,Сигналы водителей и аварийное обозначение,"Поворотники игрока, их время включения/выключения, жесты водителей либо установка аварийного знака",False,,"Такой сигнал рукой, подаваемый водителем мотоцикла, который движется по левой полосе, информирует о его намерении:",Повернуть направо,70865a506c998edb746739921147e03a,
27.8,7fa50cbef5803e5be9c55787170713c7,new_mechanic,"Манёвры, полосы и траектории","Многополосная дорога, перестроения участников, ограничения по полосам и/или категории ТС",False,,При перестроении на правую полосу в данной ситуации Вы:,"Должны уступить дорогу автомобилю, движущемуся по соседней полосе",05cb84846907e5244d2b42ae8732cc2e,
27.9,e19196306e3ed1dd1b8233747ccd19dd,existing,"Манёвры, полосы и траектории","Сцена по картинке; контроль допустимых направлений и траекторий, а не только конечного выезда",False,,По какой траектории Вам разрешается выполнить разворот?,Только по А,0829b48da9a7acb2498ee29a1b7d10ed,ticket_27_9
27.10,121b4b2aed2993af493b5f76e7dfea00,existing,Разметка и организация полос,,True,,Каковы Ваши действия в данной ситуации?,"Продолжите движение только после того, как грузовой автомобиль освободит полосу движения",c25b5b48b72a9780927878a5eea20343,road_27_10
27.11,87e95153c8d60febd40616e6e28681eb,new_mechanic,"Обгон, опережение и встречный разъезд","Новая геометрия и область применения правила: мост, тоннель, уклон или ограниченный обзор",False,,Запрещено ли выполнить обгон на подъеме?,Запрещено только в конце подъема,,
27.12,c50665aba10e746a83a6a1e8f4f44cc9,new_mechanic,Остановка и стоянка,"Выбор и фиксация места остановки, расстояния до перехода/перекрёстка/остановки, положение автомобиля; иногда календарь или статус ТС",False,,Разрешается ли водителям транспортных средств остановка в указанных местах?,Запрещается,b85658718ed032f21d74082892292800,
27.13,fd51389e45b471cac4cf18d494f575dc,existing,Перекрёстки и приоритет,,False,,Как Вам следует поступить при повороте направо?,Проехать перекресток первым,2fc27e8b51d2e03c4f003bf1d74b9c5e,ticket_27_13
27.14,319a9e608325bd5a9d2827c2111eaa91,existing,Перекрёстки и приоритет,,False,,"Как Вам следует поступить, двигаясь по перекрестку с круговым движением?",Проехать перекресток первым,68c21bd8ca46704ed05ae1eea191986e,ticket_27_14
27.15,86d77a7c42e92969915940a86952629f,existing,Перекрёстки и приоритет,,False,,Кому Вы обязаны уступить дорогу при повороте налево?,Легковому автомобилю и автобусу,4f4585dffa725aab876a591694287ab0,ticket_27_15
27.16,e39eb1550e29981315bfa208f63a6713,existing,Железнодорожные переезды,,True,,На каком наименьшем расстоянии до ближайшего рельса Вы должны остановиться?,10 м,cc304ec70100f050c1abe513d466dd78,road_27_16
27.17,f4bdf85088acfb9d87a21754d0b2ebed,new_mechanic,"Буксировка, груз и категория транспорта","Роль/параметры транспорта из вопроса, груз, сцепка и физика прицепа; проверка не по внешнему виду машины",False,,При буксировке на гибкой сцепке между буксирующим и буксируемым транспортными средствами должно быть обеспечено расстояние:,От 4 до 6 м,,
27.18,412ccb04a83de280fbc78c492ef3da62,not_selected,Другие дорожные ситуации,,False,,"Какие административные правонарушения, совершенные водителем, который лишен права управления транспортными средствами, влекут административный арест?",Все перечисленные действия,,
27.19,7640da82ece531b89a264edf2af1c4b7,not_selected,Другие дорожные ситуации,,False,,Устранение заноса задней оси путем увеличения скорости возможно:,Только на переднеприводном автомобиле,,
27.20,d991aefa57aec6ae1c50d8f7156306d6,not_selected,Другие дорожные ситуации,,False,,На каком рисунке показано правильное положение рук на рулевом колесе?,На правом,e40fdb893e4b640927089fdd6ff8065a,
28.1,b7ccb9c2503a03ce3b80118623a13c76,not_selected,"Фары, освещение и видимость",,False,,"Обязан ли водитель предоставить транспортное средство медицинским и фармацевтическим работникам для перевозки граждан в ближайшее лечебно-профилактическое учреждение в случаях, угрожающих их жизни?",Обязан,,
28.2,e84f0e98039633616f523d31b28d53c2,existing,Дорожные знаки,"Сцена на существующих моделях; параметры знаков, участников, расстояний и проверка правила из билета",False,,Вам можно продолжить движение:,Только по траектории А,212bb2624926feace0b27846207b572d,ticket_28_2
28.3,b77873478d9ea2d7619b64947087a76f,small_extension,Дорожные знаки,"Сцена на существующих моделях; параметры знаков, участников, расстояний и проверка правила из билета",False,,"С какой максимальной скоростью Вы имеете право продолжить движение на грузовом автомобиле с разрешённой максимальной массой не более 3,5 т?",80 км/ч,de54f8f107e2e7202efbe97fd5e228dc,
28.4,d9c11a5d9bb8cf7ce1adbd1eb10ba111,not_selected,Дорожные знаки,,False,,"Какие из указанных знаков используются для обозначения номера, присвоенного дороге (маршруту)?",А и Б,df0ae05661e6c2ce8efc51237bb9a82a,
28.5,4a4f41dcd2d5a4024b03df5478dd07ff,new_mechanic,Разметка и организация полос,"Многополосная дорога, перестроения участников, ограничения по полосам и/или категории ТС",False,,"Движение по предназначенной для велосипедистов
полосе проезжей части, которая обозначена данной
разметкой, разрешается:","Только лицам, использующим для передвижения средства
индивидуальной мобильности и мопедам",8956e06e6128f89b96978d6508a393a8,
28.6,f09d468cf994b3ded816392247a6771e,new_mechanic,Светофоры и регулировщики,"Отдельная геометрия, параметры роли/ТС, несколько допустимых действий либо режим наблюдения; нужна проверка по исходной картинке",False,,Вы имеете право двигаться:,Прямо или направо,f9d97d5111f5413e4bef0d024d358f9e,
28.7,47e947448552d5e8d501d98b54e15cf5,new_mechanic,Сигналы водителей и аварийное обозначение,"Поворотники игрока, их время включения/выключения, жесты водителей либо установка аварийного знака",False,,Как необходимо обозначить своё транспортное средство при дорожно-транспортном происшествии?,Обоими перечисленными способами,,
28.8,066e8516d6848e710ad6d2e1201c00aa,new_mechanic,"Манёвры, полосы и траектории","Отдельная геометрия, параметры роли/ТС, несколько допустимых действий либо режим наблюдения; нужна проверка по исходной картинке",False,,Кто имеет преимущество в движении?,Водитель грузового автомобиля,75ffa9ae59ac6ee4985e2954c4fd90b1,
28.9,4d36908846dde1015bae088d4aa6aa9f,small_extension,"Манёвры, полосы и траектории","Сцена на существующих моделях; параметры знаков, участников, расстояний и проверка правила из билета",False,,Разрешено ли водителю движение задним ходом для посадки пассажира на этом участке дороги?,Разрешено,50e53b449d35319ad1ae0223b174246b,
28.10,e6cf107bd0c937f0371625861e9ad77e,new_mechanic,Разметка и организация полос,"Многополосная дорога, перестроения участников, ограничения по полосам и/или категории ТС",False,,"Разрешается ли Вам, управляя грузовым автомобилем с разрешённой максимальной массой более 2,5 т, выехать на третью полосу в данной ситуации?",Разрешается только для поворота налево или разворота,de4e260e8ae4615986e36735cbc78c9a,
28.11,feb411b0cca6c240570954bc30fe9b51,new_mechanic,"Обгон, опережение и встречный разъезд","Отдельная геометрия, параметры роли/ТС, несколько допустимых действий либо режим наблюдения; нужна проверка по исходной картинке",False,,"Можно ли Вам обогнать трактор, управляя грузовым автомобилем с разрешенной максимальной массой не более 3,5 т?",Можно,03c1ce26bdd5a92e4af2afb2aa7b725e,
28.12,480eb14d4300a8d49aaf9fb441d32339,new_mechanic,Остановка и стоянка,"Выбор и фиксация места остановки, расстояния до перехода/перекрёстка/остановки, положение автомобиля; иногда календарь или статус ТС",False,,В каком месте и направлении Вам разрешено остановиться?,В любом из указанных,42b6a5df48bdf5425236bd44ab304710,
28.13,140ad005345a757a4fb89dd112e4de8d,existing,Перекрёстки и приоритет,,False,,Кому Вы обязаны уступить дорогу при повороте налево?,Автомобилю и трамваю,6db8da8e6662b83c48123cd092e1771e,ticket_28_13
28.14,3ec9b6dcda1ca2631c07dac3deb9cce6,new_mechanic,Перекрёстки и приоритет,"Несколько допустимых маршрутов, ожидание внутри перекрёстка, смена сигнала либо режим наблюдения за другими участниками",False,,Вы должны уступить дорогу грузовому автомобилю:,Только при движении прямо,123f8b53e1476f5a8aa61ab26b14585a,
28.15,b907d05ccbf9954a077bd46fab5e4863,existing,Перекрёстки и приоритет,,False,,Вы намерены развернуться. Кому Вам необходимо уступить дорогу?,Только грузовому автомобилю,eb4d6e5d4486be60b8b832fe1add36a9,ticket_28_15
28.16,31baeca65ed49e9d9042d70500c951de,new_mechanic,Автомагистрали,"Отдельная геометрия, параметры роли/ТС, несколько допустимых действий либо режим наблюдения; нужна проверка по исходной картинке",False,,Где Вам разрешается остановиться при движении по автомагистрали?,Только через 500 м,13ddd93620c6554216f0758cb7ef547f,
28.17,0f290a8c6cc3d9b5ef22d05cfd6b59a6,new_mechanic,"Фары, освещение и видимость","Управление световыми приборами, различимость света и видимости в 3D, учёт ночи/тумана/ослепления",False,,"Двигаясь в темное время суток вне населенного пункта с включенными фарами дальнего света, Вы догнали движущееся впереди транспортное средство. Ваши действия?",Переключите дальний свет фар на ближний,,
28.18,3f23df83bf6ac146d1c44694498e8310,not_selected,Другие дорожные ситуации,,False,,"Как обязан поступить водитель, если во время движения отказал в работе стеклоомыватель?","Попытаться устранить неисправность на месте, а если это невозможно, то следовать к месту стоянки или ремонта с соблюдением необходимых мер осторожности",,
28.19,7148dea7a2f786c2d3cd01452ad3a92f,not_selected,Другие дорожные ситуации,,False,,"Что следует предпринять, если на повороте возник занос задней оси заднеприводного автомобиля?",Слегка уменьшить подачу топлива и повернуть рулевое колесо в сторону заноса,,
28.20,6e003db10d17210597b2aede8d0c75d0,not_selected,Другие дорожные ситуации,,False,,В каком случае водителю необходимо оценивать обстановку сзади?,Во всех перечисленных случаях,,
29.1,de65dc486ba54646b73010483f5dc177,not_selected,Другие дорожные ситуации,,False,,Что означает требование уступить дорогу?,"Вы не должны начинать, возобновлять или продолжать движение, осуществлять какой-либо маневр, если это может вынудить других участников движения, имеющих по отношению к Вам преимущество, изменить направление движения или скорость",,
29.2,220940809a22d2b242566b7936ccece9,not_selected,Дорожные знаки,,False,,Какие из указанных знаков предоставляют право преимущественного проезда нерегулируемых перекрестков?,А и В,99e59a6b98fa301f860b6565c84b8150,
29.3,a4b56b832895b21c610340152732b743,existing,Дорожные знаки,,False,,Разрешено ли Вам выполнить обгон?,Разрешено,73f3b5299584c45589bcfcd949f03e07,road_29_3
29.4,d7543b23770c93ca52abfc74ab301c9f,new_mechanic,Остановка и стоянка,"Выбор и фиксация места остановки, расстояния до перехода/перекрёстка/остановки, положение автомобиля; иногда календарь или статус ТС",False,,Можно ли водителю поставить грузовой автомобиль на стоянку в этом месте указанным способом?,Нельзя,952de68c6a21c16013dd07686568477f,
29.5,af91b8c7fede01cff83e2b4e7e0b3fa0,not_selected,Разметка и организация полос,,False,,Такой вертикальной разметкой обозначают:,"Только нижний край пролётного строения тоннелей, мостов и путепроводов",0c3649d70b8e069ac13386976bd29e81,
29.6,a1010f11d0df5f7f07907a1c45d8d65e,existing,Светофоры и регулировщики,,True,,В каком месте Вы должны остановиться?,Перед стоп-линией,7ae9b7b0d982731511e27ceaee9764a2,ticket_29_6
29.7,333911236cfc99151b313df8740cbab3,new_mechanic,Сигналы водителей и аварийное обозначение,"Поворотники игрока, их время включения/выключения, жесты водителей либо установка аварийного знака",False,,Должны ли водители подавать сигналы указателями поворота при маневрировании на территории автостоянки или АЗС?,Должны,,
29.8,efad9b6b062a6b2ddcde1a7df4220dae,new_mechanic,"Манёвры, полосы и траектории","Отдельная геометрия, параметры роли/ТС, несколько допустимых действий либо режим наблюдения; нужна проверка по исходной картинке",False,,Кто из водителей нарушает правила поворота на перекрёстке?,Оба,1464c9c8b3c83d77349a5129c1a284a8,
29.9,376a1614d403d0b92ddd30408215944a,small_extension,"Манёвры, полосы и траектории","Сцена на существующих моделях; параметры знаков, участников, расстояний и проверка правила из билета",False,,Разрешено ли водителю движение задним ходом при отсутствии других участников движения?,Разрешено только до пешеходного перехода,3eb70f430b0427cee6afa9cc3af305e9,
29.10,0e2434049750535347356953a9e0f653,new_mechanic,Разметка и организация полос,"Многополосная дорога, перестроения участников, ограничения по полосам и/или категории ТС",False,,Можно ли Вам выехать на крайнюю левую полосу в данной ситуации?,Нельзя,3176b8d47092f1062bc7c503e56bc3e7,
29.11,8b0addcc697856fee116ab77f4d1efae,existing,"Обгон, опережение и встречный разъезд",,False,,Разрешается ли Вам выполнить обгон?,Запрещается,328c10153f93fc5212d3d691bc74479a,road_29_11
29.12,7d796ec720745d48640215f005715dc2,new_mechanic,Остановка и стоянка,"Выбор и фиксация места остановки, расстояния до перехода/перекрёстка/остановки, положение автомобиля; иногда календарь или статус ТС",False,,Кто из водителей нарушил правила остановки?,Никто не нарушил,ec86d9e4bba13f88a707b9303dbb3327,
29.13,3a222a442ae126ad0bd8c7d576ae7af0,new_mechanic,Перекрёстки и приоритет,"Несколько допустимых маршрутов, ожидание внутри перекрёстка, смена сигнала либо режим наблюдения за другими участниками",False,,При выполнении какого маневра водитель легкового автомобиля имеет преимущество в движении?,При выполнении любого маневра из перечисленных,776ffb02265e620cb05901b5818b520b,
29.14,e262deeff2618c88ffdc542b5585e189,new_mechanic,Перекрёстки и приоритет,"Несколько допустимых маршрутов, ожидание внутри перекрёстка, смена сигнала либо режим наблюдения за другими участниками",False,,Вы намерены повернуть налево. Ваши действия?,"Уступите дорогу трамваю, выполнив поворот с левой полосы",65bc169b36cdfc3af1aad956a5a5b5a3,
29.15,d7f2cfb6c6b84a055b3a86a84440af72,existing,Перекрёстки и приоритет,,False,,Кому Вы обязаны уступить дорогу при движении в прямом направлении?,Обоим транспортным средствам,762991bf5f396b227bed4d0559d890d5,ticket_29_15
29.16,10cb8c080b8864b0f54fe9a476a9b5d9,new_mechanic,Автомагистрали,"Многополосная дорога, перестроения участников, ограничения по полосам и/или категории ТС",False,,"Можно ли Вам, управляя грузовым автомобилем, осуществить опережение в данной ситуации?","Можно, если разрешенная максимальная масса автомобиля не более 2,5 т",a5c3ed06da826a9d024036e2b40b7e43,
29.17,442cf868e87c883a373f11daecc7b691,new_mechanic,"Фары, освещение и видимость","Управление световыми приборами, различимость света и видимости в 3D, учёт ночи/тумана/ослепления",False,,При движении в светлое время суток на транспортном средстве должны быть включены:,Любые внешние световые приборы из перечисленных,,
29.18,9bc3f862f600fcec262f510a1423acf2,not_selected,Другие дорожные ситуации,,False,,"Запрещается эксплуатация легкового автомобиля (категория М1), если остаточная глубина рисунка протектора шин (при отсутствии индикаторов износа) составляет не более:","1,6 мм",,
29.19,579b49ea17cefa8e43f32d1be917ae8f,not_selected,Другие дорожные ситуации,,False,,Что следует предпринять для быстрого восстановления эффективности тормозов транспортного средства после проезда через водную преграду?,Продолжить движение и просушить тормозные колодки многократными непродолжительными нажатиями на педаль тормоза,,
29.20,2485fb9ce78e1dff030c51f760a2358e,not_selected,Другие дорожные ситуации,,False,,"Каковы первоначальные действия при оказании первой помощи в случае ранения, полученного в результате ДТП?","Надеть медицинские перчатки, рану не промывать, на рану наложить марлевую стерильную салфетку, закрепив ее лейкопластырем по краям или бинтовой повязкой",,
30.1,63fc29e4257754d37d0d5939a5f09ee8,not_selected,Другие дорожные ситуации,,False,,На каком рисунке изображён перекрёсток?,Только на левом,53a63dcdfaf75ab897e0e990ee0340b5,
30.2,5ccc967d70f19d41f276ce69b2ad1334,duplicate,Дорожные знаки,,False,4.9,Вам можно выполнить разворот:,Только по траектории Б,3967ea92f049121b27547528fd472093,
30.3,52292cc09fbd42d2e14f16404561f73a,new_mechanic,Дорожные знаки,"Отдельная геометрия, параметры роли/ТС, несколько допустимых действий либо режим наблюдения; нужна проверка по исходной картинке",False,,Разрешено ли Вам ставить автомобиль на стоянку в этом месте по нечетным числам месяца?,Разрешено только после 21 часа,763206c7477819a1d3a755f0fa9114f9,
30.4,25d83dd77612d5cb18ce9c145a0292d7,not_selected,Дорожные знаки,,False,,"Какие из указанных знаков обозначают участки, на которых водитель обязан уступать дорогу пешеходам, находящимся на проезжей части?",Б и В,1824b97cef7ed21d938afb96fd1a5270,
30.5,ec1019278dd4b3857769027ab74572ae,not_selected,Разметка и организация полос,,False,,"Что обозначает разметка А100, нанесенная на проезжую часть дороги?",Номер дороги,51943a0c25349911786ef508f8d7e7b6,
30.6,fafd80435bdbe1161cbc2ece51d29f77,new_mechanic,Светофоры и регулировщики,"Отдельная геометрия, параметры роли/ТС, несколько допустимых действий либо режим наблюдения; нужна проверка по исходной картинке",False,,Вам можно продолжить движение:,Прямо или направо,5363fd42869791c45431ddeded782d30,
30.7,b27c8f7165405b0eea9e8c69c5403f28,new_mechanic,Сигналы водителей и аварийное обозначение,"Поворотники игрока, их время включения/выключения, жесты водителей либо установка аварийного знака",False,,"Как следует действовать, выполняя поворот налево на двухполосной дороге?","Убедиться в безопасности выполнения маневра, затем включить указатели левого поворота и приступить к маневру",,
30.8,63744162ad7f15c3fa7861e2b1070718,new_mechanic,"Манёвры, полосы и траектории","Отдельная геометрия, параметры роли/ТС, несколько допустимых действий либо режим наблюдения; нужна проверка по исходной картинке",False,,"Вы намерены начать движение от тротуара. Должны ли Вы уступить дорогу мотоциклу, выполняющему разворот?",Должны,3c97c72379175042c43a75a5b560d084,
30.9,2a5158fac700eb172a786bcad80ff1bc,new_mechanic,"Манёвры, полосы и траектории","Новая геометрия и область применения правила: мост, тоннель, уклон или ограниченный обзор",False,,Разрешено ли водителю легкового автомобиля движение задним ходом для посадки пассажира в тоннеле?,Запрещено,735e8ac5b261318324912e579ade29a1,
30.10,f3c5693f8a27e4408a2b04bb05874973,new_mechanic,Разметка и организация полос,"Отдельная геометрия, параметры роли/ТС, несколько допустимых действий либо режим наблюдения; нужна проверка по исходной картинке",False,,В данной ситуации Вам разрешается движение:,По правой или средней полосе,b2e41414ff25e3e972105856d82459c3,
30.11,80d78b1b15cffb64538428f0ad5697f1,new_mechanic,"Обгон, опережение и встречный разъезд","Новая геометрия и область применения правила: мост, тоннель, уклон или ограниченный обзор",False,,Разрешено ли выполнить обгон в тоннеле?,Запрещено,,
30.12,ca2f8de35f579bc67164e04ef7382e2e,new_mechanic,Остановка и стоянка,"Выбор и фиксация места остановки, расстояния до перехода/перекрёстка/остановки, положение автомобиля; иногда календарь или статус ТС",False,,Можно ли водителю поставить автомобиль на стоянку указанным способом?,Нельзя,8578f56da82a57ddacac6b70d2062801,
30.13,046f455eca340576d92893709ada3c35,new_mechanic,Перекрёстки и приоритет,"Несколько допустимых маршрутов, ожидание внутри перекрёстка, смена сигнала либо режим наблюдения за другими участниками",False,,В каком случае Вы обязаны уступить дорогу грузовому автомобилю?,В обоих перечисленных случаях,67265f78f0ca4a16421a7ae2e6b24ea0,
30.14,c854f4303bdf755360a23237894f66d0,existing,"Фары, освещение и видимость",,False,,Вы намерены продолжить движение прямо при желтом мигающем сигнале светофора. Ваши действия?,Уступите дорогу гужевой повозке,771b5f6c781573cd2d6f7ac434b4ebb0,ticket_30_14
30.15,dc8722f25c39215350c9d79fd37ccc27,existing,Перекрёстки и приоритет,,False,,Вы намерены повернуть налево. Кому Вы обязаны уступить дорогу?,Никому,57c2ea30a0bb017bc686ad4adca1f013,ticket_30_15
30.16,86a4890b10dd50246a275da472478825,small_extension,"Дворы, жилые зоны и пешеходы","Сцена на существующих моделях; параметры знаков, участников, расстояний и проверка правила из билета",False,,"В каком случае водитель транспортного средства, приближающегося к нерегулируемому пешеходному переходу, обязан уступить дорогу пешеходам?",В обоих перечисленных случаях,,
30.17,cf35ca9e291ba13645e7e8f0ead0c664,new_mechanic,"Фары, освещение и видимость","Управление световыми приборами, различимость света и видимости в 3D, учёт ночи/тумана/ослепления",False,,"Должны ли Вы переключить дальний свет на ближний, если водитель встречного транспортного средства периодическим переключением света фар покажет необходимость этого?",Должны,,
30.18,104939abd61d57813920f83fae83640a,not_selected,Другие дорожные ситуации,,False,,"Какое административное наказание может быть назначено водителю транспортного средства за оставление в нарушение Правил места дорожно-транспортного происшествия, участником которого он является?","Лишение права управления транспортными средствами на срок от 1 года до 1,5 лет или административный арест на срок до 15 суток",,
30.19,95796450d2254b5dadb138b864f41d4d,not_selected,Другие дорожные ситуации,,False,,Для предупреждения скатывания автомобиля с механической трансмиссией при кратковременной остановке на подъеме следует:,Привести в действие стояночный тормоз,,
30.20,3bbbfdcc96348d10e76a06fe2d4a0b34,not_selected,Другие дорожные ситуации,,False,,Зависит ли выбор бокового интервала от скорости движения?,При увеличении скорости движения боковой интервал необходимо увеличить,,
31.1,4592e88d8a790b0e263fd0147c41f755,not_selected,Другие дорожные ситуации,,False,,"Водительское удостоверение, подтверждающее право на управление транспортными средствами категории «А», подтверждает также право на управление транспортными средствами:",Всеми перечисленными транспортными средствами,,
31.2,d6d44ff7ca7516c9ce03a09d17e07368,not_selected,Дорожные знаки,,False,,Какие из указанных знаков информируют о приближении к началу участка дороги со встречным движением?,Только А,f54cb0d0febb30158138c8ab721a2e12,
31.3,504054d30f41e17df1ee10f5a365a470,new_mechanic,Дорожные знаки,"Отдельная геометрия, параметры роли/ТС, несколько допустимых действий либо режим наблюдения; нужна проверка по исходной картинке",False,,"Разрешено ли Вам подъехать к месту своей работы, расположенному в зоне действия этих знаков?",Разрешено,8bb633b83b0df8001cd12573334b26b6,
31.4,1af82ee06468fe1fe247a600826d7c14,existing,Дорожные знаки,,True,,О чем информирует Вас данный дорожный знак с желтым фоном?,Дальнейшее движение возможно только по проезжей части встречного направления,fc373150c4ab4a6c465b0950ff0e84ad,road_31_4
31.5,e03bf8bca50d425c54b71bb2835e081f,existing,Разметка и организация полос,"Сцена на существующих моделях; параметры знаков, участников, расстояний и проверка правила из билета",False,,Разрешается ли Вам пересекать двойную сплошную линию горизонтальной разметки?,Запрещается,,road_31_5
31.6,7a89b0a98dad5c90a09d6f60deccbd3e,small_extension,Светофоры и регулировщики,Сцена по картинке; нужное состояние/мигание светофора или поза регулировщика и разрешение начать движение,False,,О чем информируют Вас стрелки на зелёном сигнале светофора?,Движение направо регулируется дополнительной секцией,c734c29f07424053dafac8b1777f265f,
31.7,ec0ccb04da9d8a70e08017f0a39061b0,new_mechanic,Сигналы водителей и аварийное обозначение,"Поворотники игрока, их время включения/выключения, жесты водителей либо установка аварийного знака",False,,"Такой сигнал рукой, подаваемый водителем легкового автомобиля, информирует Вас:",О его намерении начать движение,c82b6f0b69a786204d6e3bc86d40ddcf,
31.8,d40453b7a8fd7cc46de44111d935e0cf,small_extension,"Манёвры, полосы и траектории","Сцена по картинке; контроль допустимых направлений и траекторий, а не только конечного выезда",False,,В каком направлении разрешено продолжить движение водителю легкового автомобиля?,Только по кругу,33c8a5f2cb5d07d786ec8906139722ff,
31.9,0ad10294b8f9dfc4becccd70d5472c4f,new_mechanic,"Манёвры, полосы и траектории","Отдельная геометрия, параметры роли/ТС, несколько допустимых действий либо режим наблюдения; нужна проверка по исходной картинке",False,,Вам можно продолжить движение на перекрестке:,В любом направлении,f4e8d3b288362f2572ccceb547348cae,
31.10,5f4816df95a04dcbf3aba86cb227681f,small_extension,Скорость движения,"Сцена на существующих моделях; параметры знаков, участников, расстояний и проверка правила из билета",False,,Движение в населенном пункте со скоростью более 60 км/ч разрешается:,"Только если установлены дорожные знаки, разрешающие движение со скоростью более 60 км/ч",,
31.11,82633c8368018abe0a81afd699003cf2,new_mechanic,"Обгон, опережение и встречный разъезд","Отдельная геометрия, параметры роли/ТС, несколько допустимых действий либо режим наблюдения; нужна проверка по исходной картинке",False,,В данной ситуации преимущество имеет:,"Легковой автомобиль, так как он движется на подъем",1f27ad85d6adc1344b6bf2fa7c817b7d,
31.12,76114a4c1d3ad5f5f23a55299845cb32,new_mechanic,Остановка и стоянка,"Выбор и фиксация места остановки, расстояния до перехода/перекрёстка/остановки, положение автомобиля; иногда календарь или статус ТС",False,,Можно ли Вам поставить автомобиль на стоянку в указанном месте?,Можно,2796755efdc1bd381eb37634ca4b6f6a,
31.13,16d44fb3594000cfc8f23bc7051df64e,small_extension,Перекрёстки и приоритет,"Сцена по картинке; контроль допустимых направлений и траекторий, а не только конечного выезда",False,,Как Вам следует поступить при повороте налево?,"Остановиться у стоп-линии и дождаться сигнала регулировщика, разрешающего поворот",7781ce8422ea789cc08d14cff4ea89e7,
31.14,a18fa2f8d0ae1f99ffe25b5944baddeb,existing,Перекрёстки и приоритет,,False,,Вы намерены проехать перекрёсток в прямом направлении. Ваши действия?,"Проедете перекресток, уступив дорогу грузовому автомобилю",6ea131a2e219f6e1e273b02925e56353,ticket_31_14
31.15,f775d1fd13aeb214c7ad5a7b47f32484,existing,Перекрёстки и приоритет,,False,,Кому Вы обязаны уступить дорогу при движении прямо?,Всем транспортным средствам,3c934bc4ec919cb25c66f28095204595,ticket_31_15
31.16,99b3714496f8c64a3899293388e49b85,not_selected,Автомагистрали,,False,,Разрешено ли обучать вождению на этой дороге?,Разрешено,9707ddc685f3b53a1bac996f1b72fbe5,
31.17,920fbc6a5599d44942b85a6af69dcf35,new_mechanic,"Фары, освещение и видимость","Управление световыми приборами, различимость света и видимости в 3D, учёт ночи/тумана/ослепления",False,,Можно ли использовать в светлое время суток противотуманные фары вместо ближнего света фар?,"Можно, кроме случаев движения в тоннелях и в условиях недостаточной видимости",,
31.18,7e6d8a42ca966e31a228efc945d0a765,not_selected,Другие дорожные ситуации,,False,,Разрешается ли устанавливать на одну ось легкового автомобиля шины с различными рисунками протектора?,Запрещается,,
31.19,4a9b6cd3fe2e2b891b82435041d6056e,not_selected,Другие дорожные ситуации,,False,,В случае потери сцепления колес с дорогой из-за образования «водяного клина» водителю следует:,"Снизить скорость, применяя торможение двигателем",,
31.20,55c5757aa8500b43fd35c75d5c07984d,not_selected,Другие дорожные ситуации,,False,,Как влияет утомленное состояние водителя на его внимание и реакцию?,"Внимание ослабляется, время реакции увеличивается",,
32.1,3562e795e5c98bfa54d20a18be5a653c,not_selected,Другие дорожные ситуации,,False,,По требованию каких лиц водители обязаны проходить освидетельствование на состояние алкогольного опьянения и медицинское освидетельствование на состояние опьянения?,"Должностных лиц, уполномоченных на осуществление федерального государственного контроля (надзора) в области безопасности дорожного движения",,
32.2,141f2e74a3a17b2393fcf69ab117877d,not_selected,Дорожные знаки,,False,,"Какие из указанных знаков информируют о том, что на перекрёстке необходимо уступить дорогу транспортным средствам, приближающимся слева?",Только Б,9e18d0d4efbabdcddae4738b159c6b3d,
32.3,488095a0fc90c5e07b77a7a69e9f1dca,new_mechanic,"Буксировка, груз и категория транспорта","Роль/параметры транспорта из вопроса, груз, сцепка и физика прицепа; проверка не по внешнему виду машины",False,,Разрешено ли Вам при управлении легковым автомобилем с прицепом продолжить движение в прямом направлении?,Разрешено,881f2638f5669baec1bbc3c9cc73b35f,
32.4,dc46cdaf611ddaa0d97f37bed701c284,new_mechanic,Дорожные знаки,"Отдельная геометрия, параметры роли/ТС, несколько допустимых действий либо режим наблюдения; нужна проверка по исходной картинке",False,,Вам разрешается движение:,В любом направлении из указанных,591bb1f7ed9e6de766dcb13966bc70ad,
32.5,e1992ff1f95999ec9c4c8efca9793a5b,existing,Разметка и организация полос,"Сцена на существующих моделях; параметры знаков, участников, расстояний и проверка правила из билета",False,,О чем информирует Вас увеличение длины штриха прерывистой линии разметки?,"О приближении к сплошной линии разметки, разделяющей транспортные потоки попутных направлений",0a8c64af8a46c7ceb8e9dbc0943bb56a,road_32_5
32.6,672f64dd5b41e6ba3eaae13f43652d54,new_mechanic,Светофоры и регулировщики,"Многополосная дорога, перестроения участников, ограничения по полосам и/или категории ТС",False,,Можно ли Вам перестроиться на соседнюю полосу?,Нельзя,a531057131b6da9200c63e8c277fcc41,
32.7,94280282d9b0fd4a766a52cc6ddeb983,new_mechanic,Сигналы водителей и аварийное обозначение,"Поворотники игрока, их время включения/выключения, жесты водителей либо установка аварийного знака",False,,Обязаны ли Вы включить указатели правого поворота перед въездом на этот перекрёсток?,Обязаны,232019703b3080a2a564855ccbcd9d7f,
32.8,4fc72669247d8c7d0f5829512604923e,new_mechanic,"Манёвры, полосы и траектории","Отдельная геометрия, параметры роли/ТС, несколько допустимых действий либо режим наблюдения; нужна проверка по исходной картинке",False,,"Выезжая с прилегающей территории, необходимо уступить дорогу:","Транспортным средствам, лицам, использующим для передвижения средства индивидуальной мобильности и пешеходам",,
32.9,3b9f8be4dd74e747096b0a71dbfa6c01,existing,"Манёвры, полосы и траектории","Сцена по картинке; контроль допустимых направлений и траекторий, а не только конечного выезда",False,,"Разрешено ли выполнить разворот на участке дороги, обозначенном этим знаком?",Запрещено,9e0b69c07aa6b295b327d32118395f6b,road_32_9
32.10,9a9ea9f90567fa78a04caa8bdb214261,new_mechanic,Скорость движения,"Отдельная геометрия, параметры роли/ТС, несколько допустимых действий либо режим наблюдения; нужна проверка по исходной картинке",False,,В каких случаях водителю запрещается движение со скоростью более 50 км/ч?,Во всех перечисленных случаях,,
32.11,e6bf2168cfb953461fa8d1f5ac6716c6,small_extension,"Обгон, опережение и встречный разъезд","Сцена на существующих моделях; параметры знаков, участников, расстояний и проверка правила из билета",False,,Разрешается ли выполнить обгон на пешеходном переходе?,Запрещается,,
32.12,574723fbb679603e95601fc95fd11fa3,new_mechanic,Остановка и стоянка,"Выбор и фиксация места остановки, расстояния до перехода/перекрёстка/остановки, положение автомобиля; иногда календарь или статус ТС",False,,В каком месте Вам можно остановиться?,Только В,7a679f4c406644c20c7274dda0e67f67,
32.13,170e6f98bfe67f1184d3406de7fcc3c4,existing,Перекрёстки и приоритет,,False,,Как Вам следует поступить при повороте налево?,Уступить дорогу только автобусу,a15be16d01a1b86b2da2cef9be0e6396,ticket_32_13
32.14,30d313c6161d9a85fb8d012e74d8dcc7,new_mechanic,Перекрёстки и приоритет,"Несколько допустимых маршрутов, ожидание внутри перекрёстка, смена сигнала либо режим наблюдения за другими участниками",False,,Вы намерены развернуться. Ваши действия?,"Выедете на перекрёсток и, уступив дорогу легковому автомобилю, завершите разворот",b81f985c93326a84af3790ca710901d3,
32.15,fa7783b5b924b993c4ecdc8d949fb254,existing,Перекрёстки и приоритет,,False,,Кому Вы обязаны уступить дорогу при движении прямо?,Трамваю и легковому автомобилю,76e8ace06d939a11ad53700fa4151134,ticket_32_15
32.16,d303667a7da1561a95d785aeb013ac46,new_mechanic,Автомагистрали,"Отдельная геометрия, параметры роли/ТС, несколько допустимых действий либо режим наблюдения; нужна проверка по исходной картинке",False,,"Разрешается ли движение по автомагистрали на транспортном средстве, скорость которого по техническому состоянию менее 40 км/ч?",Запрещается,,
32.17,02f642e05d8f7b4141b3200865efa52b,new_mechanic,Другие дорожные ситуации,"Отдельная геометрия, параметры роли/ТС, несколько допустимых действий либо режим наблюдения; нужна проверка по исходной картинке",False,,"Перевозка груза запрещена, если он:","Закрывает внешние световые приборы, световозвращатели, регистрационные и опознавательные знаки",,
32.18,ff2150277031a74aed287cefccb0d271,not_selected,"Фары, освещение и видимость",,False,,Разрешено ли движение транспортного средства до места ремонта или стоянки в тёмное время суток с не горящими (из-за неисправности) фарами и задними габаритными огнями?,Запрещено,,
32.19,a58afb66c3e2dd7c9958b8cba0d14eec,new_mechanic,Другие дорожные ситуации,"Отдельная геометрия, параметры роли/ТС, несколько допустимых действий либо режим наблюдения; нужна проверка по исходной картинке",False,,"При повороте налево обеспечение безопасности движения достигается путем выполнения поворота по траектории, которая показана:",На левом рисунке,a562f95287af8bdc6a4e848cbb5b7bda,
32.20,00e419066cbd5d3aef888aedd5acd700,not_selected,Другие дорожные ситуации,,False,,Как обеспечить восстановление проходимости дыхательных путей пострадавшего при подготовке его к проведению сердечно-легочной реанимации?,"Уложить пострадавшего на спину на твердую поверхность, запрокинуть ему голову, положить одну руку на лоб, приподняв подбородок двумя пальцами другой руки",,
33.1,06a9069a8b757dbc4c1d5af3b8360d5a,new_mechanic,Другие дорожные ситуации,"Отдельная геометрия, параметры роли/ТС, несколько допустимых действий либо режим наблюдения; нужна проверка по исходной картинке",False,,Какой маневр намеревается выполнить водитель легкового автомобиля?,Перестроение с дальнейшим опережением,3f5409a7fb0ddf9cd9799f225027672d,
33.2,4f5a9eaff2d58c208cc95c401642f99d,existing,Дорожные знаки,,True,,Этот знак:,Показывает направления движения на перекрёстке,659d4ec9119f7cfdee93c4c5a70b84f4,ticket_33_2
33.3,acc3cf4d8390ed91b089ca684a848df3,small_extension,Скорость движения,"Сцена на существующих моделях; параметры знаков, участников, расстояний и проверка правила из билета",False,,"На грузовом автомобиле с разрешенной максимальной массой не более 3,5 т можно двигаться со скоростью:",Не более 90 км/ч,b3a74b94c2d1a5e62810fe9f84bc6895,
33.4,6e83ce16582e144a01919f325dba66df,not_selected,Дорожные знаки,,False,,Какой из знаков указывает протяжённость зоны для разворота?,Только Б,1bc202e6ca61a61d1d643fce5fba7b4f,
33.5,65def953062516904333eb3b3ac0cd61,small_extension,Разметка и организация полос,"Сцена на существующих моделях; параметры знаков, участников, расстояний и проверка правила из билета",False,,Данная разметка обозначает:,Места остановки маршрутных транспортных средств и стоянки такси,128842239b8b3b6dac957d988248a327,
33.6,90b6495d1776ebd9cdf8fc12d3ab049d,new_mechanic,Спецтранспорт,"Отдельная геометрия, параметры роли/ТС, несколько допустимых действий либо режим наблюдения; нужна проверка по исходной картинке",False,,"В каких случаях необходимо уступить дорогу транспортному средству, имеющему нанесенные на наружные поверхности специальные цветографические схемы?",Если его водитель включил проблесковый маячок синего цвета и специальный звуковой сигнал,,
33.7,648574a877bbb62e3b314264a89f7e0c,new_mechanic,Сигналы водителей и аварийное обозначение,"Поворотники игрока, их время включения/выключения, жесты водителей либо установка аварийного знака",False,,Даёт ли преимущество в движении подача сигнала указателями поворота?,Не дает преимущества,,
33.8,531bd2aaafd921b0c11432859488fa13,existing,"Манёвры, полосы и траектории","Сцена по картинке; контроль допустимых направлений и траекторий, а не только конечного выезда",False,,Разрешается ли Вам выполнить поворот направо по указанной траектории в данной ситуации?,Разрешается,3a789855313d56b4d6b21a382397f9d1,ticket_33_8
33.9,51e5bf80a8517bf0c64c81235a653e4a,small_extension,"Манёвры, полосы и траектории","Сцена по картинке; контроль допустимых направлений и траекторий, а не только конечного выезда",False,,Можно ли Вам выполнить разворот?,Нельзя,1ca7f207d1d6cb37e12f5835c42a041c,
33.10,dbc6741df2a75f3e64291a15eea6de9a,new_mechanic,Разметка и организация полос,"Многополосная дорога, перестроения участников, ограничения по полосам и/или категории ТС",False,,"В каких случаях на дорогах с двусторонним движением запрещается движение по полосе, предназначенной для встречного движения?",Во всех перечисленных случаях,,
33.11,1bfeee022ed13145f513052212c6e61f,new_mechanic,"Обгон, опережение и встречный разъезд","Новая геометрия и область применения правила: мост, тоннель, уклон или ограниченный обзор",False,,Разрешается ли Вам обогнать грузовой автомобиль в конце подъема?,Запрещается,abfb85d7f0d724f536928f514d2fd71c,
33.12,9741e7e3d007b8fca8a2ebc2e5118484,new_mechanic,Остановка и стоянка,"Выбор и фиксация места остановки, расстояния до перехода/перекрёстка/остановки, положение автомобиля; иногда календарь или статус ТС",False,,Разрешено ли Вам поставить автомобиль на стоянку в этом месте при наличии узкой обочины?,Запрещено,71e8ebd733ec2cb0247a2c11efed1665,
33.13,db69c9046428c97a3a7750a59524771b,small_extension,Перекрёстки и приоритет,"Сцена по картинке; контроль допустимых направлений и траекторий, а не только конечного выезда",False,,Как Вам следует поступить при повороте направо?,Уступить дорогу обоим трамваям,20922bec3e89140b6e3404159497ee56,
33.14,846cf0b9143a7fee9038a3152728774e,new_mechanic,Перекрёстки и приоритет,"Несколько допустимых маршрутов, ожидание внутри перекрёстка, смена сигнала либо режим наблюдения за другими участниками",False,,Вы намерены повернуть налево. Ваши действия?,"Выедете на перекресток первым и, уступив дорогу мотоциклу, завершите поворот",d354bde1ad4bdf3b0d7da8922049f6fd,
33.15,31944f0af0f56b7e2e18a5224f459ef4,existing,Перекрёстки и приоритет,,False,,Вы обязаны уступить дорогу при движении прямо:,Обоим транспортным средствам,9961ba7f8adfef92b9dc9aef1258a608,ticket_33_15
33.16,7ff5e1de92c7433368dbf4dcdb17de60,new_mechanic,Автомагистрали,"Отдельная геометрия, параметры роли/ТС, несколько допустимых действий либо режим наблюдения; нужна проверка по исходной картинке",False,,Кто из водителей нарушает Правила?,Водители грузового автомобиля с разрешенной максимальной массой 3 т и мопеда,4ca0e290653835f629d8d773d25e748d,
33.17,64c732605bceabdd67f38e3e26c35fcf,new_mechanic,"Фары, освещение и видимость","Управление световыми приборами, различимость света и видимости в 3D, учёт ночи/тумана/ослепления",False,,При ослеплении дальним светом фар встречных или движущихся попутно транспортных средств водитель должен:,"Включить аварийную сигнализацию и, не меняя полосы движения, снизить скорость и остановиться",,
33.18,3ce368b8f5321972163934dfacca777a,not_selected,Другие дорожные ситуации,,False,,Какие виды административных наказаний могут применяться к водителям за нарушения Правил?,"Предупреждение, штраф, лишение права управления транспортными средствами, конфискация орудия совершения или предмета административного правонарушения, административный арест, обязательные работы",,
33.19,5ae646e33214c44a431197eabd0a629d,not_selected,Другие дорожные ситуации,,False,,"Какие действия водителя приведут к уменьшению центробежной силы, возникающей на повороте?",Снижение скорости движения,,
33.20,4d9c041c3c917f6a9192ce0c070fcb3c,not_selected,Другие дорожные ситуации,,False,,Как влияет алкоголь на время реакции водителя?,Время реакции увеличивается,,
34.1,52b9459be7a75ff92ec726da3034e0bb,not_selected,Другие дорожные ситуации,,False,,Главная дорога показана:,На обоих верхних рисунках,bd10a7d4e35d9e14c7f76c98ba4311dd,
34.2,407900ffd680aecd7c3eb05441687823,small_extension,Дорожные знаки,"Сцена на существующих моделях; параметры знаков, участников, расстояний и проверка правила из билета",False,,На каком расстоянии до скользкого участка дороги устанавливается данный знак в населённом пункте?,50 - 100 м,d3f85921878a51db1c7197d22f5b8962,
34.3,6913ae1f5836793bb47fe343cf6896f0,new_mechanic,Дорожные знаки,"Отдельная геометрия, параметры роли/ТС, несколько допустимых действий либо режим наблюдения; нужна проверка по исходной картинке",False,,Остановка в зоне действия этого знака разрешена:,"Только автомобилям, на которых установлен опознавательный знак «Инвалид»",40e68617cce95ec2ae0e7c7e1bf6b529,
34.4,1a67b3580fe1aba650c629d98042e92f,not_selected,Дорожные знаки,,False,,Какие из указанных знаков используются для обозначения кемпинга?,Только Б,35c54aefd134adf49707b153f96b2f55,
34.5,926b8169f79732aabd5e38086c251a97,new_mechanic,"Фары, освещение и видимость","Управление световыми приборами, различимость света и видимости в 3D, учёт ночи/тумана/ослепления",False,,"Если реверсивные светофоры выключились, Вам следует:",Немедленно перестроиться вправо на соседнюю полосу,83382033528eda1cd21ed53a9d6d939c,
34.6,ab35fc2f8658290515f5910f7c2c6b26,new_mechanic,Светофоры и регулировщики,"Отдельная геометрия, параметры роли/ТС, несколько допустимых действий либо режим наблюдения; нужна проверка по исходной картинке",False,,Вам разрешено продолжить движение:,Налево и в обратном направлении,71be6e3e70691947b42589cbe99ced4b,
34.7,680a5e0a12ad8a41760f1cccee1b0b28,new_mechanic,Сигналы водителей и аварийное обозначение,"Поворотники игрока, их время включения/выключения, жесты водителей либо установка аварийного знака",False,,Как необходимо обозначить буксируемый автомобиль при отсутствии или неисправности аварийной сигнализации?,Установить на задней части буксируемого автомобиля знак аварийной остановки,,
34.8,3cfb7001cda943a18b2b1cb5980926de,new_mechanic,"Манёвры, полосы и траектории","Отдельная геометрия, параметры роли/ТС, несколько допустимых действий либо режим наблюдения; нужна проверка по исходной картинке",False,,Можно ли водителю легкового автомобиля в данной ситуации начать движение от тротуара?,"Можно, если при этом не будут созданы помехи грузовому автомобилю",fa8e614c162efa9963c34741f225ae70,
34.9,a439fefbdd6228827ef219099dd522a4,small_extension,"Манёвры, полосы и траектории","Сцена по картинке; контроль допустимых направлений и траекторий, а не только конечного выезда",False,,"Водитель случайно проехал нужный въезд во двор. Разрешается ли ему в этой ситуации использовать задний ход, чтобы затем повернуть направо?",Запрещается,d0cc50dee93f2a2f9d05a7fa7acda818,
34.10,8a2c95ca180120f8e2f2b007929d8164,new_mechanic,Разметка и организация полос,"Многополосная дорога, перестроения участников, ограничения по полосам и/или категории ТС",False,,Кто из водителей мопедов занял правильное положение на полосе движения?,Только водитель мопеда Б,bf2ac58cc3245402a8710905b203f9f9,
34.11,f5405e4ab81d2c0b7c27cd460818e86b,new_mechanic,Разметка и организация полос,"Многополосная дорога, перестроения участников, ограничения по полосам и/или категории ТС",False,,"Можно ли Вам продолжить движение по средней полосе после опережения автомобиля, движущегося по правой полосе?",Нельзя,1d8973c9b7892a5df603b8c4a57e0765,
34.12,b21eb67e2bbfb09b0075b630e86f32ed,new_mechanic,Остановка и стоянка,"Выбор и фиксация места остановки, расстояния до перехода/перекрёстка/остановки, положение автомобиля; иногда календарь или статус ТС",False,,Водители каких автомобилей нарушили правила остановки?,Автомобилей А и В,2c7e7e3a617223291f5052fa9ac0d03a,
34.13,add9966132410cba8598d7a5dd978eb8,existing,Перекрёстки и приоритет,,False,,Как Вам следует поступить при движении в прямом направлении?,Проехать перекрёсток первым,a2fc332291bee5203413a0113c388641,ticket_34_13
34.14,cfee8e0cf87df768dce22252491672ec,existing,Перекрёстки и приоритет,,False,,Кому Вы обязаны уступить дорогу при повороте налево?,Только легковому автомобилю,74163a8ad5ac65673ea835173fa5feec,ticket_34_14
34.15,d762f6de72dd3e6243854e1fe3737c2d,existing,Перекрёстки и приоритет,,False,,Вы намерены повернуть налево. Ваши действия?,Уступите дорогу обоим транспортным средствам,8f84380bd94b68627c59fdc5e599e095,ticket_34_15
34.16,32eaed4368e5914a97cee3e50fbf46b2,not_selected,Сигналы водителей и аварийное обозначение,,False,,"Сигналом остановки для машиниста поезда служит следующее расположение руки или рук (днем с лоскутом яркой материи либо каким-нибудь хорошо видимым предметом, ночью — с факелом или фонарем):",Круговое движение руки,,
34.17,28da96643006af8596045794844195fb,new_mechanic,"Фары, освещение и видимость","Управление световыми приборами, различимость света и видимости в 3D, учёт ночи/тумана/ослепления",False,,В тоннеле с искусственным освещением должны быть включены:,Фары ближнего или дальнего света,,
34.18,2373f4132055949f6f372017f65185a4,not_selected,Другие дорожные ситуации,,False,,"Уголовная ответственность предусмотрена за управление транспортным средством, не повлекшее причинение тяжкого вреда здоровью или смерть человека, лицом, находящимся в состоянии опьянения, если оно ранее было подвергнуто административному наказанию:",За совершение любого из перечисленных правонарушений,,
34.19,2c89f94cd878850827e8c0511a4938cb,existing,Другие дорожные ситуации,,False,,При движении по двухполосной дороге за грузовым автомобилем у Вас появилась возможность совершить обгон. Ваши действия?,"Перестроитесь на полосу встречного движения, после чего произведете сближение с обгоняемым транспортным средством и завершите маневр",8dbb3de365e8c033da2888608c07613c,road_34_19
34.20,87ff049e28d0df1fbb7f1baa93f03ab4,not_selected,Другие дорожные ситуации,,False,,Каким образом проводится сердечно-легочная реанимация пострадавшего?,"Давление руками на грудину пострадавшего и искусственное дыхание: вначале 30 надавливаний на грудину, затем 2 вдоха методом «Рот ко рту»",,
35.1,8f368ff7eb797d130c78b037f06e7a40,not_selected,Другие дорожные ситуации,,False,,Что означает термин «Недостаточная видимость»?,"Видимость дороги менее 300 м в условиях тумана, дождя, снегопада и т. п., а также в сумерки",,
35.2,487d481cf971872bb0fd6545d4831d38,new_mechanic,Дорожные знаки,"Отдельная геометрия, параметры роли/ТС, несколько допустимых действий либо режим наблюдения; нужна проверка по исходной картинке",False,,Вы можете продолжить движение на следующем перекрестке:,В любом направлении из указанных,f9616f4e30fcb3329404536e95ec93e2,
35.3,d75f9713092c453f116b4d0b2b1a6dc0,not_selected,Дорожные знаки,,False,,Какие из указанных знаков разрешают движение со скоростью 60 км/ч?,Б и В,ede5b45caf1581b732ac2bc07315bf48,
35.4,e741296f1ec1accd8affa6cbecdc70ff,new_mechanic,Остановка и стоянка,"Выбор и фиксация места остановки, расстояния до перехода/перекрёстка/остановки, положение автомобиля; иногда календарь или статус ТС",False,,Кто из водителей нарушил правила стоянки:,Только водитель грузового автомобиля,9e8a8a32c281b9be4b7d280c5c01a90e,
35.5,003122179e28d84d4f206d1a080fdadd,existing,Разметка и организация полос,,False,,Вы можете объехать препятствие:,Только по траектории А,0b3c7cb3d24384033e0438ae7ea4c267,road_35_5
35.6,28b46f2445e998ca662adeaf0f4220b5,small_extension,Светофоры и регулировщики,Сцена по картинке; нужное состояние/мигание светофора или поза регулировщика и разрешение начать движение,False,,Что означает сочетание красного и жёлтого сигналов светофора?,Вскоре будет включен зелёный сигнал,,
35.7,67d099cded203818d94343ab89460040,new_mechanic,Сигналы водителей и аварийное обозначение,"Поворотники игрока, их время включения/выключения, жесты водителей либо установка аварийного знака",False,,На каком расстоянии от транспортного средства должен быть выставлен знак аварийной остановки в данной ситуации?,Не менее 30 м,184d8ac28d8abf9e84f7af789ab1a797,
35.8,e25150e8d953d32f233ca128d885b4f0,existing,"Манёвры, полосы и траектории",,True,,Кому Вы должны уступить дорогу при повороте во двор?,Встречному автомобилю и пешеходам,af343153fdc4115986507e1eb8d05d6a,ticket_35_8
35.9,0f3e9752eb76852048c741a77865ea04,not_selected,"Манёвры, полосы и траектории",,False,,"Для обеспечения безопасности при выезде задним ходом с места стоянки, имеющего ограниченную видимость, необходимо:",Прибегнуть к помощи других лиц,,
35.10,e5e87b0df4853f7e8586081e7d837917,small_extension,Скорость движения,"Сцена на существующих моделях; параметры знаков, участников, расстояний и проверка правила из билета",False,,"С какой максимальной скоростью Вы имеете право продолжить движение на грузовом автомобиле с разрешённой максимальной массой не более 3,5 т после въезда на примыкающую слева дорогу?",60 км/ч,18bc26934d95932c68b43565bc570e0b,
35.11,e74f7d53ecedd513d8127923ae09bb0d,small_extension,"Обгон, опережение и встречный разъезд","Сцена на существующих моделях; параметры знаков, участников, расстояний и проверка правила из билета",False,,Как Вам следует поступить в данной ситуации?,Проехать первым,47e5769f3967560ac3dd94383895234c,
35.12,0a89863f5bb1f3c2893465458912f771,new_mechanic,Остановка и стоянка,"Выбор и фиксация места остановки, расстояния до перехода/перекрёстка/остановки, положение автомобиля; иногда календарь или статус ТС",False,,Водители каких автомобилей не нарушили правила остановки?,Автомобилей А и Б,b54d57e8e0ac818623218c291ca901f4,
35.13,d77dfb4fd0696d5335aff9ae9207624a,new_mechanic,Перекрёстки и приоритет,"Несколько допустимых маршрутов, ожидание внутри перекрёстка, смена сигнала либо режим наблюдения за другими участниками",False,,Вам необходимо уступить дорогу другим участникам движения:,В обоих перечисленных случаях,307fb23bc1a6d08efdb42da12547ee9d,
35.14,34240fe02bdf67f29ffc35570de19688,existing,Перекрёстки и приоритет,,False,,Вы намерены продолжить движение прямо. Ваши действия?,"Уступите дорогу грузовому автомобилю, так как он приближается справа",5e66fab807bfc2b3113649ab943ef664,ticket_35_14
35.15,bac222f29b219e432d28ae6b51b48d5b,existing,Перекрёстки и приоритет,,False,,Кому Вы обязаны уступить дорогу при повороте налево?,Автомобилю с включенными проблесковым маячком и специальным звуковым сигналом,0eb6dfeff3c39a57de1445b80ff14d87,ticket_35_15
35.16,e23bed590f0c3c667adb8dc46e32d7f9,not_selected,Железнодорожные переезды,,False,,"При вынужденной остановке на железнодорожном переезде, если в транспортном средстве находятся пассажиры, водитель должен:",Немедленно высадить людей,,
35.17,a17770556921d9f40bcdb5a21d56e792,new_mechanic,"Фары, освещение и видимость","Управление световыми приборами, различимость света и видимости в 3D, учёт ночи/тумана/ослепления",False,,При остановке и стоянке на неосвещённых участках дорог в тёмное время суток необходимо:,Включить габаритные огни,,
35.18,b5410c86aabdde529e1cafb03ff48cff,not_selected,Другие дорожные ситуации,,False,,В каком случае разрешается эксплуатация автомобиля?,Не работает стеклоподъёмник,,
35.19,3c8d7daa6df847843bfdbbb3d0e7b484,new_mechanic,"Буксировка, груз и категория транспорта","Роль/параметры транспорта из вопроса, груз, сцепка и физика прицепа; проверка не по внешнему виду машины",False,,По какой траектории двигается прицеп легкового автомобиля при прохождении поворота?,"Ближе к центру поворота, чем траектория движения автомобиля",,
35.20,6910486e2e4c30c7d91b0e539794e7b6,not_selected,Другие дорожные ситуации,,False,,"Принято считать, что среднее время реакции водителя составляет:",Примерно 1 секунду,,
36.1,88971f86663e2f4bfcd21115c010b403,not_selected,Другие дорожные ситуации,,False,,Главной на перекрестке является:,Дорога с твердым покрытием по отношению к грунтовой дороге,,
36.2,06ddc1376fa2fea13855854a10c9c8e2,new_mechanic,Дорожные знаки,"Новая геометрия и область применения правила: мост, тоннель, уклон или ограниченный обзор",False,,Разрешается ли Вам въехать на мост одновременно с водителем мотоцикла?,"Разрешается, если Вы не затрудните ему движение",40d2bca0ca567a29f9d58adaa74629a4,
36.3,ffc1f7fb184a971add67346daa47f56e,new_mechanic,Остановка и стоянка,"Выбор и фиксация места остановки, расстояния до перехода/перекрёстка/остановки, положение автомобиля; иногда календарь или статус ТС",False,,Водители каких автомобилей нарушили правила стоянки?,Только автомобиля А,24d049f439bb6e16fc8d252d1f073127,
36.4,b32be09010a971020875628765f8c545,not_selected,Дорожные знаки,,False,,"Какие из указанных табличек распространяют действие установленных с ними знаков на грузовые автомобили с разрешённой максимальной массой не более 3,5 т?",Б и В,2c6f996423f7f66b57773574c9dd761b,
36.5,d118878c052f43a12f6ec14c02c8ab78,new_mechanic,Разметка и организация полос,"Многополосная дорога, перестроения участников, ограничения по полосам и/или категории ТС",False,,Правая полоса предназначена для движения:,"Автобусов и троллейбусов, являющихся маршрутными транспортными средствами, школьных автобусов и легковых такси, а также велосипедистов",c07508d76a222057cbd0349583cbc009,
36.6,f24dce6d265a78a6a0d50cd7093a8430,existing,Спецтранспорт,,True,,Как следует поступить водителю легкового автомобиля при приближении автомобиля оперативной службы?,Перестроиться на правую полосу,09c20b040fda57302b263f0c92375d47,road_36_6
36.7,361aa35ffcd00ed75c270eb18b2e1307,new_mechanic,Сигналы водителей и аварийное обозначение,"Поворотники игрока, их время включения/выключения, жесты водителей либо установка аварийного знака",False,,"Согнутая в локте рука водителя автомобиля является сигналом, информирующим Вас о его намерении:",Повернуть направо,d0efc35b84dd44ebda7b22168924ab36,
36.8,52db334fc6e09a00b53bfafef7fe16c4,new_mechanic,"Манёвры, полосы и траектории","Отдельная геометрия, параметры роли/ТС, несколько допустимых действий либо режим наблюдения; нужна проверка по исходной картинке",False,,Вам можно продолжить движение при повороте налево:,По любой траектории из указанных,4e15d45df5db3c7fefd5855eb0fe2f24,
36.9,4c6d8ce57660925a91be8413497cfa82,not_selected,"Манёвры, полосы и траектории",,False,,"Если траектории движения транспортных средств пересекаются, а очерёдность проезда не оговорена Правилами, следует:","Уступить дорогу транспортному средству, приближающемуся справа",,
36.10,a040d489100aff8f3b55d960bba789c2,new_mechanic,Разметка и организация полос,"Многополосная дорога, перестроения участников, ограничения по полосам и/или категории ТС",False,,"В каких случаях на дорогах, проезжая часть которых разделена линиями разметки, водители обязаны двигаться строго по полосам?",Во всех случаях,,
36.11,6e13a9f663974b1225e4d5962aec53b2,new_mechanic,"Обгон, опережение и встречный разъезд","Отдельная геометрия, параметры роли/ТС, несколько допустимых действий либо режим наблюдения; нужна проверка по исходной картинке",False,,Водитель обгоняемого транспортного средства:,Обязан не повышать скорость движения,,
36.12,5894f909b190fc2c5e5a497d3d8a43e6,new_mechanic,Остановка и стоянка,"Выбор и фиксация места остановки, расстояния до перехода/перекрёстка/остановки, положение автомобиля; иногда календарь или статус ТС",False,,Разрешена ли Вам остановка для высадки пассажиров в указанном месте?,"Разрешена, если при этом не будут созданы помехи для движения маршрутных транспортных средств",afb157bf3b28baf60ce1f523a8bcf45a,
36.13,6bd322a1a33eae11f34384124eff1fc3,existing,Перекрёстки и приоритет,,False,,Вы намерены повернуть направо. Ваши действия?,Проедете перекресток первым,df136d027092614b011523de3c55cd7c,ticket_36_13
36.14,79ea31712f126e926ff3afa5d53ae142,new_mechanic,Перекрёстки и приоритет,"Выбор полосы/трамвайного пути, сигналы трамвая и приоритет в конкретной фазе манёвра",False,,В каком случае Вы должны пропустить трамвай?,В обоих перечисленных случаях,cbe52a2e674c9d996830af35933d7309,
36.15,bdb3fff5e0823619159549b39230377f,existing,Перекрёстки и приоритет,,False,,Как Вам следует поступить при повороте налево?,Уступить дорогу только грузовому автомобилю,312810054bc2d1094d55dbd5fdd3d334,ticket_36_15
36.16,b7542c49db444d1461561becaa9beb92,new_mechanic,"Дворы, жилые зоны и пешеходы","Отдельная геометрия, параметры роли/ТС, несколько допустимых действий либо режим наблюдения; нужна проверка по исходной картинке",False,,Вы обязаны уступить дорогу грузовому автомобилю:,В обоих перечисленных случаях,02a115a72436b6ccb3f33d666fb792f6,
36.17,5a951d7de3e8166354635324fa00139b,new_mechanic,"Фары, освещение и видимость","Управление световыми приборами, различимость света и видимости в 3D, учёт ночи/тумана/ослепления",False,,В каких случаях необходимо включать фары ближнего света или дневные ходовые огни в светлое время суток?,В обоих перечисленных случаях,,
36.18,057714c5f1a7e58373b90c4ee75d2424,not_selected,Другие дорожные ситуации,,False,,"Административная ответственность установлена за нарушение Правил дорожного движения или правил эксплуатации транспортного средства, повлекшее причинение:",Легкого или средней тяжести вреда здоровью человека,,
36.19,a6726b6609bbfaa15373792767b3b0df,not_selected,Другие дорожные ситуации,,False,,"Как правильно произвести экстренное торможение на скользкой дороге, если автомобиль не оборудован антиблокировочной тормозной системой?","Тормозить прерывистым нажатием на педаль тормоза, не допуская блокировки колес",,
36.20,e8f0a723d9a3108c273722a1dbb4e30d,not_selected,Другие дорожные ситуации,,False,,Как воспринимается водителем скорость своего автомобиля при длительном движении по равнинной дороге на большой скорости?,"Кажется меньше, чем в действительности",,
37.1,d82e7dba97ce998c7a07c66b1d3404e9,not_selected,Другие дорожные ситуации,,False,,К категории «В» относятся автомобили:,"С разрешенной максимальной массой не более 3,5 т и числом сидячих мест, помимо сиденья водителя, не более 8",,
37.2,52b42509b98970d23bde848b3a575f33,not_selected,Железнодорожные переезды,,False,,Какие из указанных знаков устанавливают непосредственно перед железнодорожным переездом?,Только В,11f56b9ba2361a1b1d8bd8ceea375a45,
37.3,550c3a59c58a310f2120927430b5ab00,small_extension,Дорожные знаки,"Сцена по картинке; контроль допустимых направлений и траекторий, а не только конечного выезда",False,,Вам разрешено выполнить разворот:,Только по траектории Б,6bcdfd8e25658f9be9a0537b526600fa,
37.4,8df94ad9495b3b9395cba882c09045ff,new_mechanic,Остановка и стоянка,"Выбор и фиксация места остановки, расстояния до перехода/перекрёстка/остановки, положение автомобиля; иногда календарь или статус ТС",False,,Можно ли Вам поставить автомобиль на стоянку за путепроводом?,Нельзя,e1143edefb135690a12cda3b172f30d9,
37.5,5b5875e71cd5d1d69a14da3d246d014f,new_mechanic,Разметка и организация полос,"Реверсивные полосы, состояния светофоров и переход между ними",False,,Разрешается ли Вам перестроиться на полосу с реверсивным движением в данной ситуации?,Разрешается,8decd27c3f379a7a0d897f3db9383c21,
37.6,13c0f55e76e97295e771e01d884be037,small_extension,Светофоры и регулировщики,Сцена по картинке; нужное состояние/мигание светофора или поза регулировщика и разрешение начать движение,False,,Вам разрешено движение:,Только в направлении А,b45b27937aae64fc0f6f881d4750c144,
37.7,0e99299f0585ad761c2db06ac5df7b44,new_mechanic,Сигналы водителей и аварийное обозначение,"Поворотники игрока, их время включения/выключения, жесты водителей либо установка аварийного знака",False,,Какие указатели поворота Вы обязаны включить при выполнении разворота по такой траектории?,"Сначала правого поворота, а при движении от тротуара – левого поворота",747cba74c18f8bbe9f59fe2db72e841d,
37.8,529bd4770f0804cf29d5394803603c5c,new_mechanic,"Манёвры, полосы и траектории","Многополосная дорога, перестроения участников, ограничения по полосам и/или категории ТС",False,,"Ситуация, в которой водитель транспортного средства, движущегося по правой полосе, обязан уступить дорогу при перестроении, показана:",На левом рисунке,5f295f34223d32dc21ed8190cbca837e,
37.9,0bb4ba75bc711b7f5398f4bba2a9c4d9,small_extension,"Манёвры, полосы и траектории","Сцена на существующих моделях; параметры знаков, участников, расстояний и проверка правила из билета",False,,Разрешено ли водителю легкового автомобиля движение задним ходом для посадки пассажира?,Запрещено,facc734c174b32a59fc528a68b80feeb,
37.10,b18684295628bf9197e837be8532b67c,new_mechanic,"Манёвры, полосы и траектории","Отдельная геометрия, параметры роли/ТС, несколько допустимых действий либо режим наблюдения; нужна проверка по исходной картинке",False,,"В данной ситуации для того, чтобы продолжить движение в прямом направлении, Вы имеете право:",Выполнить любое из перечисленных действий,3c5564ec4500c90ea9fdfcce769be80f,
37.11,ae8d8e720b7a4e82ce00f1cdd222058d,new_mechanic,"Обгон, опережение и встречный разъезд","Новая геометрия и область применения правила: мост, тоннель, уклон или ограниченный обзор",False,,"Запрещается ли выполнять обгон на мостах, путепроводах, эстакадах и под ними?",Запрещается,,
37.12,914b764210659530dff3773fac4b0a9c,new_mechanic,Остановка и стоянка,"Выбор и фиксация места остановки, расстояния до перехода/перекрёстка/остановки, положение автомобиля; иногда календарь или статус ТС",False,,Можно ли Вам остановиться в тоннеле для посадки пассажира?,Нельзя,e31119c98841e365b52059a008a20338,
37.13,a2df76f20075b83d95557e4cec37d347,new_mechanic,Перекрёстки и приоритет,"Несколько допустимых маршрутов, ожидание внутри перекрёстка, смена сигнала либо режим наблюдения за другими участниками",False,,Как Вам следует поступить при повороте направо?,"Выехав на перекрёсток, остановиться перед пешеходным переходом, чтобы пропустить пешеходов",2548a3e2d33e7256a79e40f77c44a97e,
37.14,126bb08f817614dbe8b6a5786e68092e,new_mechanic,Перекрёстки и приоритет,"Несколько допустимых маршрутов, ожидание внутри перекрёстка, смена сигнала либо режим наблюдения за другими участниками",False,,При движении в каком направлении Вы будете иметь преимущество?,В любом направлении из перечисленных,0480b81d241c1f0751d06f108b3892ce,
37.15,7ac8440714dd01a40f0862fa0cdf73af,existing,Перекрёстки и приоритет,,False,,Вы намерены продолжить движение прямо. Ваши действия:,Уступите дорогу трамваю,f45f35b2cdd40c77dfabee9aefc91699,ticket_37_15
37.16,9bc59bb751bcfea2e5e90395c23b679a,small_extension,Автомагистрали,"Сцена на существующих моделях; параметры знаков, участников, расстояний и проверка правила из билета",False,,На каких участках автомагистрали запрещается движение задним ходом?,На всем протяжении дороги,,
37.17,2167575d8024d32364612889de99e372,new_mechanic,Другие дорожные ситуации,"Отдельная геометрия, параметры роли/ТС, несколько допустимых действий либо режим наблюдения; нужна проверка по исходной картинке",False,,На каких дорогах водителям мопедов запрещается поворачивать налево или разворачиваться?,На всех перечисленных дорогах,,
37.18,f5fc8e1b2aea923f81ca170a433914df,not_selected,Другие дорожные ситуации,,False,,При какой неисправности запрещено движение транспортного средства во время дождя или снегопада?,Не действует стеклоочиститель со стороны водителя,,
37.19,55652f4f32e9b025c8d044638de3a803,not_selected,Другие дорожные ситуации,,False,,С увеличением скорости движения на повороте величина центробежной силы:,Увеличивается пропорционально квадрату скорости,,
37.20,af417adfe52b8614011cbd6849a1fde0,not_selected,Другие дорожные ситуации,,False,,"Как оказывается первая помощь при переломах конечностей, если отсутствуют транспортные шины и подручные средства для их изготовления?","Верхнюю конечность, согнутую в локте, подвешивают на косынке и прибинтовывают к туловищу. Нижние конечности прибинтовывают друг к другу, обязательно проложив между ними мягкую ткань.",,
38.1,d6378c5bddd1d7d45347aaef5c39b75c,duplicate,Другие дорожные ситуации,,False,23.1,Сколько пересечений проезжих частей имеет этот перекрёсток?,Два,74b185800c36d3b6228f4bc0dfbad844,
38.2,ca145798cf517a59402ed3228e9398ab,existing,Дорожные знаки,,True,,Данные знаки предупреждают о приближении:,К железнодорожному переезду со шлагбаумом,ca26500216150e5dadbc4ec5e79a74b3,road_38_2
38.3,c111efee674e5108cea1f79dbca300ba,not_selected,Дорожные знаки,,False,,"Действие каких из указанных знаков не распространяется на транспортные средства, управляемые инвалидами I и II групп, перевозящие таких инвалидов или детей-инвалидов, если на транспортных средствах установлен опознавательный знак «Инвалид»?",Б и Г,93ee0871f12b1c1e1bdb41f94b636572,
38.4,a39eb7274c52aca53b8b54ee95bb03d4,new_mechanic,Дорожные знаки,"Многополосная дорога, перестроения участников, ограничения по полосам и/или категории ТС",False,,Вы можете продолжить движение по крайней левой полосе:,Налево или в обратном направлении,b2157d3a74e665a02fbca4803d43ab8d,
38.5,620c7b1982c5fff9ccd7a7f8837ac56f,new_mechanic,Разметка и организация полос,"Отдельная геометрия, параметры роли/ТС, несколько допустимых действий либо режим наблюдения; нужна проверка по исходной картинке",False,,Разрешается ли Вам остановка в этом месте?,Разрешается,9d41967d29912d2d0a3e92a64a80fe32,
38.6,d4f5eaa0b94cf3c3473378af6c126fd4,new_mechanic,Спецтранспорт,"Отдельная геометрия, параметры роли/ТС, несколько допустимых действий либо режим наблюдения; нужна проверка по исходной картинке",False,,Преимущество перед другими участниками движения имеет водитель автомобиля:,Только с включенными проблесковым маячком синего (синего и красного) цвета и специальным звуковым сигналом,,
38.7,6c2fa98c02de77712ba786713e055f06,new_mechanic,Сигналы водителей и аварийное обозначение,"Поворотники игрока, их время включения/выключения, жесты водителей либо установка аварийного знака",False,,Вы намерены остановиться сразу за перекрестком. В каком месте необходимо включить указатели правого поворота?,Только после въезда на перекрёсток,2313c0ee31c57c00b977f13516df9ad9,
38.8,f1988d048362094818e2ede4f8bcab04,existing,"Манёвры, полосы и траектории",,True,,"При съезде с дороги на прилегающую справа территорию, Вы:",Должны уступить дорогу пешеходам и велосипедисту,45cbca0db117189d812b04f0754870d2,ticket_38_8
38.9,210388eec8e249aeacbe75a2c990eeb5,new_mechanic,"Манёвры, полосы и траектории","Новая геометрия и область применения правила: мост, тоннель, уклон или ограниченный обзор",False,,Разрешено ли Вам выполнить разворот при движении на подъеме?,Разрешено только при видимости дороги 100 м и более,bd57128b5f3c84ab14d95c5342a063f4,
38.10,b332d62ba55928a1b99154207a758311,new_mechanic,"Буксировка, груз и категория транспорта","Роль/параметры транспорта из вопроса, груз, сцепка и физика прицепа; проверка не по внешнему виду машины",False,,С какой максимальной скоростью разрешается продолжить движение при буксировке неисправного механического транспортного средства?,50 км/ч,9adf205146d665e1b2453537ac79f612,
38.11,71fc9623189673d56b891f0bbe7d9fe3,existing,"Обгон, опережение и встречный разъезд",,False,,Можно ли Вам начать обгон?,"Можно, если обгон будет завершен до перекрестка",02220a1ffa64ea9a4ee7539a113e2ff6,road_38_11
38.12,8c539dd9e8514fe5a1a1ae3bbb340766,new_mechanic,Остановка и стоянка,"Выбор и фиксация места остановки, расстояния до перехода/перекрёстка/остановки, положение автомобиля; иногда календарь или статус ТС",False,,Водители каких автомобилей нарушили правила остановки?,Автомобилей А и В,6ac703acc15a324e076348f28b753cd1,
38.13,9b912c313bf75d3e458c3e617fa76a89,existing,Перекрёстки и приоритет,,False,,Как Вам следует поступить при повороте налево?,Уступить дорогу обоим транспортным средствам,9b0a81c0dc7bd92103d6a9b820721960,ticket_38_13
38.14,a88b1fb896c9dd6bf8a701b2aa8e3b1c,new_mechanic,Перекрёстки и приоритет,"Выбор полосы/трамвайного пути, сигналы трамвая и приоритет в конкретной фазе манёвра",False,,При движении в каком направлении Вы обязаны уступить дорогу трамваю?,В обоих перечисленных,25729cfd373a1fa54dcf761adb9427de,
38.15,d1190c8b29c8a876b4c4737a2144c8c0,existing,Перекрёстки и приоритет,,False,,Вы намерены повернуть направо. Можете ли Вы приступить к повороту?,"Можете после того, как грузовой автомобиль начнет выполнять поворот налево",1ccb76faa35294e55b621d74b99feb30,ticket_38_15
38.16,68317efe0545e9b627064f72a3cb5b04,new_mechanic,"Дворы, жилые зоны и пешеходы","Выбор полосы/трамвайного пути, сигналы трамвая и приоритет в конкретной фазе манёвра",False,,"Подъехав к трамваю попутного направления, остановившемуся у посадочной площадки, которая расположена посередине дороги, водитель должен:","Уступить дорогу пешеходам, идущим к трамваю или от него",,
38.17,94c06c8a44413bb4eafb5450b2949642,not_selected,Другие дорожные ситуации,,False,,Запрещается перевозка детей в легковом автомобиле без использования соответствующих детских удерживающих систем (устройств):,В обоих перечисленных случаях,,
38.18,176cb01958f9e4f83863cfd392fdf67b,not_selected,Другие дорожные ситуации,,False,,"Владелец транспортного средства обязан возместить вред, причинённый этим транспортным средством, если не докажет, что вред возник:",Вследствие непреодолимой силы или умысла потерпевшего,,
38.19,3f0196f281b456988a057a38b8c06988,new_mechanic,Другие дорожные ситуации,"Новая геометрия и область применения правила: мост, тоннель, уклон или ограниченный обзор",False,,При движении ночью во время сильной метели наилучшую видимость дороги обеспечивает включение,Противотуманных фар совместно с ближним светом фар,,
38.20,09bc4203c4d3a3051ac69e4f6ddfbe2e,not_selected,Другие дорожные ситуации,,False,,В каких случаях пострадавшего следует извлекать из салона автомобиля,"При высокой вероятности опрокидывания автомобиля, пожара, взрыва, переохлаждения потерпевшего, при отсутствии у него сознания и дыхания, а также невозможности оказания первой помощи непосредственно в салоне автомобиля",,
39.1,5ae48ab6af8a98def5df222d7a78c7e2,not_selected,Другие дорожные ситуации,,False,,В каком виде предусмотрено представление для проверки страхового полиса обязательного страхования гражданской ответственности?,В любом из перечисленных видов,,
39.2,31e0a631596121ff296f78ee1ae2b8a7,new_mechanic,Дорожные знаки,"Новая геометрия и область применения правила: мост, тоннель, уклон или ограниченный обзор",False,,"Этот знак предупреждает о приближении к тоннелю, в котором:",Отсутствует искусственное освещение,a112b25aeaf6f2f2523c0c26ecf7f102,
39.3,04c2fe6daa3103bb464b1c5f1cfbeda1,new_mechanic,Дорожные знаки,"Отдельная геометрия, параметры роли/ТС, несколько допустимых действий либо режим наблюдения; нужна проверка по исходной картинке",False,,Вы имеете право продолжить движение на перекрестке:,В направлениях А и В,62edd3fce902d3b7c87869e4562c141b,
39.4,fcb92cebf0d357eb5c6762233ff2f69d,not_selected,Дорожные знаки,,False,,Какие из указанных знаков разрешают выполнить поворот налево?,Все,21465116866437deb217fe91f1fa4576,
39.5,ab0a47ab069ff73eabce0581cfe084ad,new_mechanic,Разметка и организация полос,"Многополосная дорога, перестроения участников, ограничения по полосам и/или категории ТС",False,,"При наличии данной разметки, нанесенной на полосе движения, Вам разрешено выполнить:",Поворот налево и разворот,b2cb71bd032148c7945b4b8d3816e499,
39.6,2eb7fbb0d64434723fff1b230cc52987,new_mechanic,Светофоры и регулировщики,"Отдельная геометрия, параметры роли/ТС, несколько допустимых действий либо режим наблюдения; нужна проверка по исходной картинке",False,,Вам можно двигаться:,В любом направлении,5935ab466e699e045bc2eba3e38979a2,
39.7,1ec886cfa06e744ffb5e1a805e80dbeb,new_mechanic,Сигналы водителей и аварийное обозначение,"Поворотники игрока, их время включения/выключения, жесты водителей либо установка аварийного знака",False,,"Какие внешние световые приборы должны быть включены на транспортном средстве, имеющем опознавательные знаки «Перевозка детей», при посадке и высадке из него детей?",Аварийная сигнализация,,
39.8,37418b099a680ea57a4e3891fd349d25,new_mechanic,"Манёвры, полосы и траектории","Многополосная дорога, перестроения участников, ограничения по полосам и/или категории ТС",False,,"Водитель автомобиля, выполняющий перестроение на правую полосу, в данной ситуации:",Не должен создавать помехи двигающемуся по правой полосе автомобилю,5ece9b9e7d648f3ce4c78e4569a0f68f,
39.9,0630c8d0565877605a1621e241edfd75,new_mechanic,"Манёвры, полосы и траектории","Отдельная геометрия, параметры роли/ТС, несколько допустимых действий либо режим наблюдения; нужна проверка по исходной картинке",False,,Разрешается ли Вам выполнить разворот в указанном месте?,Разрешается при видимости дороги не менее 100 м,515953587d8936d88cfd30a24c0f6d11,
39.10,43895c0492b3f74a7b646741b44fd221,new_mechanic,"Буксировка, груз и категория транспорта","Роль/параметры транспорта из вопроса, груз, сцепка и физика прицепа; проверка не по внешнему виду машины",False,,С какой максимальной скоростью Вы имеете право продолжить движение на легковом автомобиле с прицепом?,90 км/ч,7dfc987548310102696e4dce45b97bfb,
39.11,0d2f89bb47f53d0d17367a5299b48092,new_mechanic,"Обгон, опережение и встречный разъезд","Отдельная геометрия, параметры роли/ТС, несколько допустимых действий либо режим наблюдения; нужна проверка по исходной картинке",False,,По какой траектории водителю мотоцикла можно выполнить обгон?,Только по А,a2beca70b6c74b6081c7f918ea881df2,
39.12,5ffa1803a6731c9211f05d97fc83375c,new_mechanic,Остановка и стоянка,"Выбор и фиксация места остановки, расстояния до перехода/перекрёстка/остановки, положение автомобиля; иногда календарь или статус ТС",False,,Разрешается ли Вам остановка в указанном месте?,Запрещается,5a9395c998f0953ada0e4b294c2826e0,
39.13,c25a0a5ea893eba71ea32a1fe2ae73b2,existing,Перекрёстки и приоритет,,False,,Вы намерены проехать перекресток в прямом направлении. Ваши действия?,Уступите дорогу трамваю,77c8e3a311319e8e3a8063e6308c7ba8,ticket_39_13
39.14,e4d2b95f9da3fa2aa7feb82c91f8041f,existing,Перекрёстки и приоритет,,False,,Как Вам следует поступить при повороте налево?,Уступить дорогу легковому автомобилю,d1c8cf4e98294d96c1248065fa90d102,ticket_39_14
39.15,8aa84bd348c85dec8fa9dea32991515d,existing,Перекрёстки и приоритет,,False,,Кому Вы должны уступить дорогу при движении прямо?,Только легковому автомобилю,60974448467920683882fc52599c1b81,ticket_39_15
39.16,280bd95f107215a8c09d9b8af71c1ee3,new_mechanic,Автомагистрали,"Отдельная геометрия, параметры роли/ТС, несколько допустимых действий либо режим наблюдения; нужна проверка по исходной картинке",False,,Нарушил ли водитель Правила при вынужденной остановке на автомагистрали?,"Нарушил, если не выставил знак аварийной остановки",569f8ee1d44c45befdc45ff17bd0944e,
39.17,433df8223b67a3837ddbb7a808c03694,new_mechanic,"Буксировка, груз и категория транспорта","Роль/параметры транспорта из вопроса, груз, сцепка и физика прицепа; проверка не по внешнему виду машины",False,,"Разрешается ли буксировка в гололедицу, если у буксируемого транспортного средства исправны тормоза и рулевое управление?",Разрешается только на жёсткой сцепке или методом частичной погрузки,,
39.18,affb44696f1df32cd968a6d0db056589,not_selected,Другие дорожные ситуации,,False,,Разрешается ли устанавливать на транспортном средстве шины с шипами противоскольжения совместно с шинами без шипов противоскольжения?,Запрещается,,
39.19,ac70a1e665460f4f341127d541b97c89,not_selected,Другие дорожные ситуации,,False,,При трогании на подъеме на автомобиле с механической коробкой передач следует начинать отключать (отпускать) стояночный тормоз:,Одновременно с началом движения,,
39.20,78fa8816dddcb25deea728086b96747a,not_selected,Другие дорожные ситуации,,False,,Что понимается под остановочным путем?,"Расстояние, пройденное транспортным средством с момента обнаружения водителем опасности до полной остановки",,
40.1,d1198a8891db07958815762154b7aeac,not_selected,Другие дорожные ситуации,,False,,По требованию каких лиц необходимо передавать для проверки водительское удостоверение на право управления транспортным средством соответствующей категории или подкатегории и представлять для проверки страховой полис обязательного страхования гражданской ответственности на бумажном носителе или в виде электронного документа либо его копии на бумажном носителе?,Сотрудника полиции,,
40.2,9e3ad55e0ddb97091fb7001938af0e51,existing,Дорожные знаки,,True,,Вам разрешено продолжить движение на перекрёстке?,Только прямо,a6581948fd1281ca73b9d604a3ab9fe4,ticket_40_2
40.3,1448e19dc088b8bca69ba0adbb089679,not_selected,Дорожные знаки,,False,,Какие из указанных знаков разрешают разворот?,Все,b151bd850a7eb12a96a3a4054cc98ea9,
40.4,b8d1716fa37db5d9a7cef3d5ca070175,new_mechanic,Остановка и стоянка,"Выбор и фиксация места остановки, расстояния до перехода/перекрёстка/остановки, положение автомобиля; иногда календарь или статус ТС",False,,Поставить на стоянку указанным на табличке способом можно:,Только легковые автомобили и мотоциклы,d45d8113cd910c59a0150fe80b274dfc,
40.5,474e5e179dfdf4cd9d166da22d84d887,new_mechanic,Разметка и организация полос,"Отдельная геометрия, параметры роли/ТС, несколько допустимых действий либо режим наблюдения; нужна проверка по исходной картинке",False,,Разметкой в виде буквы «А» обозначают?,Специальную полосу для маршрутных транспортных средств,52373814fec06d28a820803472e97d36,
40.6,3a9ee3f82cc38aeb07ca64d3a6d32c28,small_extension,Светофоры и регулировщики,Сцена по картинке; нужное состояние/мигание светофора или поза регулировщика и разрешение начать движение,False,,Разрешено ли Вам движение?,Запрещено,600ab149171da16a6ac1ae93254db49a,
40.7,7656238d77262b83e5a8c3f361efe4d4,not_selected,Сигналы водителей и аварийное обозначение,,False,,Какой опознавательный знак должен быть закреплен на задней части буксируемого механического транспортного средства при отсутствии или неисправности аварийной сигнализации?,А,1cb33c7b6f1803fa0c5f6f0c38454cfe,
40.8,fc9c06b46f78ad9a1f2bd9b5925c065d,new_mechanic,"Манёвры, полосы и траектории","Отдельная геометрия, параметры роли/ТС, несколько допустимых действий либо режим наблюдения; нужна проверка по исходной картинке",False,,На перекрестке Вы намерены повернуть направо. Как Вам следует поступить?,Возможны оба варианта действий,a39b43925866fd589d602b7340b7ff7c,
40.9,b1f4e326ed2825a9034cfd21f8864dca,new_mechanic,"Манёвры, полосы и траектории","Отдельная геометрия, параметры роли/ТС, несколько допустимых действий либо режим наблюдения; нужна проверка по исходной картинке",False,,Кто должен уступить дорогу при одновременном развороте?,Водитель автобуса,6b466297702c7b98d6744adb34684f41,
40.10,f94e80e332142df4a8a060f2e6df253b,new_mechanic,Разметка и организация полос,"Многополосная дорога, перестроения участников, ограничения по полосам и/или категории ТС",False,,Кто из водителей занял правильное положение на полосе движения?,"Только водитель мотоцикла, занимающего правое положение на полосе движения",7aa701f3bd1edd5b83bd5106d7be4336,
40.11,3186ebd3f5ace8003f749c381934cc10,small_extension,"Обгон, опережение и встречный разъезд","Сцена на существующих моделях; параметры знаков, участников, расстояний и проверка правила из билета",False,,Как Вам следует поступить в данной ситуации?,Проехать первым,16a0636cf86df70b567201832c9fd9dd,
40.12,9731750ceee00c14575c32e22146ef62,new_mechanic,Остановка и стоянка,"Выбор и фиксация места остановки, расстояния до перехода/перекрёстка/остановки, положение автомобиля; иногда календарь или статус ТС",False,,Нарушил ли водитель автомобиля правила остановки?,Нарушил,9bfc1438303942c67fb84b48deef7542,
40.13,7ee9a94829288afc1e31af2c66b417b1,existing,Перекрёстки и приоритет,,False,,Вы намерены повернуть направо. Ваши действия?,Уступите дорогу обоим трамваям,c0287ade19f8188c803ec16d54557dc3,ticket_40_13
40.14,aade1a68ba6cdfb7cc0f1519206bfac1,existing,Перекрёстки и приоритет,,False,,При движении прямо Вы:,Должны уступить дорогу только мотоциклу,dbbcca4938d90636c630cfcb94670373,ticket_40_14
40.15,26f3cdc938cef35c5baa748a9e521a49,existing,Перекрёстки и приоритет,,False,,Кому Вы обязаны уступить дорогу при повороте налево?,Обоим транспортным средствам,7f4f1b8b2f32f862293979c54ea03682,ticket_40_15
40.16,6ae445efd94ccf774f586391384059c7,new_mechanic,Железнодорожные переезды,"Отдельная геометрия, параметры роли/ТС, несколько допустимых действий либо режим наблюдения; нужна проверка по исходной картинке",False,,Можно ли Вам въехать на железнодорожный переезд?,Нельзя,031ee339b5c4588d0f70898f99180468,
40.17,e0cf6231c7251e2db03599d7628f0a68,new_mechanic,"Буксировка, груз и категория транспорта","Роль/параметры транспорта из вопроса, груз, сцепка и физика прицепа; проверка не по внешнему виду машины",False,,"Разрешается ли перевозка людей в салоне легкового автомобиля, буксирующего неисправное транспортное средство?",Разрешается,,
40.18,a209ae8bce0600d02cc5c865188f5844,not_selected,Другие дорожные ситуации,,False,,"Водитель, в отношении которого имеются достаточные основания полагать, что он находится в состоянии опьянения, направляется на медицинское освидетельствование на состояние опьянения:",Во всех перечисленных случаях,,
40.19,16c70e320af6a0c36d6402f0c17f2528,not_selected,Другие дорожные ситуации,,False,,"Как следует поступить водителю при посадке в автомобиль, стоящий у тротуара или на обочине?",Обойти автомобиль спереди,,
40.20,737693ce2e9e463f1403f650848ae1ad,not_selected,Другие дорожные ситуации,,False,,"Какова первая помощь при наличии признаков поверхностного термического ожога (покраснение и отек кожи, образование на месте ожога пузырей, наполненных прозрачной жидкостью, сильная боль)?","Охладить ожоговую поверхность водой в течение 20 минут. Ожоговые пузыри не вскрывать, остатки одежды с обожженной поверхности не удалять, место ожога накрыть стерильной салфеткой (не бинтовать), по возможности приложить холод и поить пострадавшего водой.",,
